Report Date,Report Time,River Basin,Tributary/River,Gauging Station,Unit,Alert Level,Minor Flood Level,Major Flood Level,Water Level Time 1,Water Level at Time 1,Water Level Time 2,Water Level at Time 2,Status,Rising/Falling,RF (mm)
27-Nov-25,6:30 AM,Attanagalu Oya (RB 103),Attanagalu Oya,Dunamale,m,3.3,4.4,5.5,5:00 AM,3.16,6:00 AM,3.27,Normal,,89.3
27-Nov-25,6:30 AM,Deduru Oya (RB 99),Deduru Oya,Moragaswewa,m,4.75,6,7,5:00 AM,5.65,6:00 AM,5.77,Alert,Rising,82
27-Nov-25,6:30 AM,Gin Ganga (RB 09),Gin Ganga,Baddegama,m,3.5,4,5,5:00 AM,3.2,6:00 AM,3.17,Normal,,23.9
27-Nov-25,6:30 AM,Gin Ganga (RB 09),Gin Ganga,Thawalama,m,4,6,7.5,5:00 AM,2.1,6:00 AM,2.25,Normal,,11.3
27-Nov-25,6:30 AM,Heda Oya (RB 36),Heda Oya,Siyambalanduwa,m,4.5,6,7,5:00 AM,4.18,6:00 AM,4.45,Normal,,116.5
27-Nov-25,6:30 AM,Kalu Ganga (RB 03),Kalu Ganga,Ellagawa,m,10,10.7,12.2,5:00 AM,6.57,6:00 AM,6.6,Normal,,34.2
27-Nov-25,6:30 AM,Kalu Ganga (RB 03),Kalu Ganga,Putupaula,m,3,4,5,5:00 AM,1.66,6:00 AM,1.59,Normal,,7
27-Nov-25,6:30 AM,Kalu Ganga (RB 03),Kalu Ganga,Rathnapura,m,5.2,7.5,9.5,5:00 AM,3.25,6:00 AM,3.35,Normal,,40.1
27-Nov-25,6:30 AM,Kalu Ganga (RB 03),Kuda Ganga,Kalawellawa (Millakanda),m,5,6.5,8,5:00 AM,4.72,6:00 AM,4.64,Normal,,29.4
27-Nov-25,6:30 AM,Kalu Ganga (RB 03),Maguru Ganga,Magura,m,4,6,7.5,5:00 AM,2.78,6:00 AM,2.82,Normal,,37.4
27-Nov-25,6:30 AM,Kelani Ganga (RB 01),Gurugoda Oya,Holombuwa,m,3,3.4,5,5:00 AM,4.85,6:00 AM,4.74,Minor Flood,Falling,127.2
27-Nov-25,6:30 AM,Kelani Ganga (RB 01),Kehelgamu Oya,Norwood,m,1.5,3,4.5,5:00 AM,1.95,6:00 AM,1.89,Alert,Falling,70.4
27-Nov-25,6:30 AM,Kelani Ganga (RB 01),Kelani Ganga,Glencourse,m,15,16.5,19,5:00 AM,12.96,6:00 AM,13.28,Normal,,61.5
27-Nov-25,6:30 AM,Kelani Ganga (RB 01),Kelani Ganga,Hanwella,m,7,8,10,5:00 AM,3.36,6:00 AM,3.67,Normal,,41.1
27-Nov-25,6:30 AM,Kelani Ganga (RB 01),Kelani Ganga,Kithulgala,m,3,4,6,5:00 AM,2.05,6:00 AM,2.1,Normal,,87.1
27-Nov-25,6:30 AM,Kelani Ganga (RB 01),Kelani Ganga,Nagalagam Street,ft,4,5,7,5:00 AM,3,6:00 AM,2.8,Normal,,
27-Nov-25,6:30 AM,Kelani Ganga (RB 01),Seethawaka Ganga,Deraniyagala,m,4.8,5.8,6.4,5:00 AM,2.13,6:00 AM,2.52,Normal,,101
27-Nov-25,6:30 AM,Kirindi Oya (RB 22),Kirindi Oya,Thanamalwila,m,4,5,5.5,5:00 AM,3.88,6:00 AM,3.98,Normal,,48
27-Nov-25,6:30 AM,Kirindi Oya (RB 22),Kirindi Oya,Wellawaya,m,4.4,5.4,5.9,5:00 AM,3.19,6:00 AM,3.1,Normal,,107.5
27-Nov-25,6:30 AM,Kirindi Oya (RB 22),Kuda Oya,Kuda Oya,m,6.9,8.4,8.8,5:00 AM,4.25,6:00 AM,4.85,Normal,,53.3
27-Nov-25,6:30 AM,Kumbukkan Oya (RB 31),Kumbukkan Oya,Nakkala,m,5,6,7.5,5:00 AM,8.65,6:00 AM,8.25,Major Flood,Falling,111.4
27-Nov-25,6:30 AM,Maa Oya (RB 69),Mukunu Oya,Yaka Wewa,m,4,5,6,5:00 AM,5.34,6:00 AM,5.49,Minor Flood,Rising,220.6
27-Nov-25,6:30 AM,Maduru Oya (RB 54),Maduru Oya,Padiyathalawa,m,4,4.5,6,5:00 AM,4.3,6:00 AM,4.25,Alert,Falling,138.1
27-Nov-25,6:30 AM,Maha Oya (RB 102),Maha Oya,Badalgama,m,5,6.2,9.6,5:00 AM,4.83,6:00 AM,5.05,Alert,Rising,76.2
27-Nov-25,6:30 AM,Maha Oya (RB 102),Maha Oya,Giriulla,m,5.5,6.5,7.5,5:00 AM,6.13,6:00 AM,6.64,Minor Flood,Rising,98.1
27-Nov-25,6:30 AM,Mahaweli Ganga (RB 60),Badulu Oya,Thaldena,m,3,4,5,5:00 AM,4.5,6:00 AM,4.2,Minor Flood,Falling,167.8
27-Nov-25,6:30 AM,Mahaweli Ganga (RB 60),Mahaweli Ganga,Manampitiya,m,3,4.3,6,5:00 AM,5.3,6:00 AM,5.33,Minor Flood,Rising,217.3
27-Nov-25,6:30 AM,Mahaweli Ganga (RB 60),Mahaweli Ganga,Nawalapitiya,m,3.5,5,6,5:00 AM,3.25,6:00 AM,3.25,Normal,,110.8
27-Nov-25,6:30 AM,Mahaweli Ganga (RB 60),Mahaweli Ganga,Peradeniya,m,5,7,9,5:00 AM,7.42,6:00 AM,7.33,Minor Flood,Falling,150.2
27-Nov-25,6:30 AM,Mahaweli Ganga (RB 60),Mahaweli Ganga,Weraganthota,m,5,6,8,5:00 AM,4.63,6:00 AM,4.81,Normal,,231.9
27-Nov-25,6:30 AM,Malwathu Oya (RB 90),Malwathu Oya,Thanthirimale,m,5,6.8,7.8,5:00 AM,6.54,6:00 AM,7.06,Minor Flood,Rising,195
27-Nov-25,6:30 AM,Menik Ganga (RB 26),Menik Ganga,Katharagama,m,4,4.6,6.5,5:00 AM,3.66,6:00 AM,3.9,Normal,,89.6
27-Nov-25,6:30 AM,Nilwala Ganga (RB 12),Nilwala Ganga,Panadugama,m,5,6,7.5,5:00 AM,5.58,6:00 AM,5.6,Alert,Rising,54
27-Nov-25,6:30 AM,Nilwala Ganga (RB 12),Nilwala Ganga,Pitabeddara,m,4,5,6.5,5:00 AM,2.83,6:00 AM,2.71,Normal,,42
27-Nov-25,6:30 AM,Nilwala Ganga (RB 12),Nilwala Ganga,Thalgahagoda,m,1.4,1.7,2.8,5:00 AM,1.6,6:00 AM,1.64,Alert,Rising,72.4
27-Nov-25,6:30 AM,Nilwala Ganga (RB 12),Urubokka Ganga,Urawa,m,2.5,4,6,5:00 AM,1.67,6:00 AM,1.58,Normal,,89.6
27-Nov-25,6:30 AM,Walawe Ganga (RB 18),Walawe Ganga,Moraketiya,m,3,5,7,5:00 AM,1.69,6:00 AM,1.71,Normal,,31.1
27-Nov-25,6:30 AM,Yan Oya (RB 67),Yan Oya,Horowpothana,m,6,7.5,10.5,5:00 AM,7.63,6:00 AM,7.65,Minor Flood,Rising,128.2
28-Nov-25,3:30 PM,Attanagalu Oya (RB 103),Attanagalu Oya,Dunamale,m,3.3,4.4,5.5,2:00 PM,5.83,3:00 PM,5.96,Major Flood,Rising,134
28-Nov-25,3:30 PM,Deduru Oya (RB 99),Deduru Oya,Moragaswewa,m,4.75,6,7,2:00 PM,NA,3:00 PM,NA,,,
28-Nov-25,3:30 PM,Gin Ganga (RB 09),Gin Ganga,Baddegama,m,3.5,4,5,2:00 PM,3.15,3:00 PM,3.17,Normal,,0
28-Nov-25,3:30 PM,Gin Ganga (RB 09),Gin Ganga,Thawalama,m,4,6,7.5,2:00 PM,4.02,3:00 PM,3.92,Normal,,3.9
28-Nov-25,3:30 PM,Heda Oya (RB 36),Heda Oya,Siyambalanduwa,m,4.5,6,7,2:00 PM,2.42,3:00 PM,2.36,Normal,,0
28-Nov-25,3:30 PM,Kalu Ganga (RB 03),Kalu Ganga,Ellagawa,m,10,10.7,12.2,2:00 PM,NA,3:00 PM,NA,,,
28-Nov-25,3:30 PM,Kalu Ganga (RB 03),Kalu Ganga,Putupaula,m,3,4,5,2:00 PM,3.04,3:00 PM,3.09,Alert,Rising,14.5
28-Nov-25,3:30 PM,Kalu Ganga (RB 03),Kalu Ganga,Rathnapura,m,5.2,7.5,9.5,2:00 PM,9.98,3:00 PM,10.05,Major Flood,Rising,35.5
28-Nov-25,3:30 PM,Kalu Ganga (RB 03),Kuda Ganga,Kalawellawa (Millakanda),m,5,6.5,8,2:00 PM,6.93,3:00 PM,7.01,Minor Flood,Rising,11.1
28-Nov-25,3:30 PM,Kalu Ganga (RB 03),Maguru Ganga,Magura,m,4,6,7.5,2:00 PM,5.33,3:00 PM,5.36,Alert,Rising,13.9
28-Nov-25,3:30 PM,Kelani Ganga (RB 01),Gurugoda Oya,Holombuwa,m,3,3.4,5,2:00 PM,6.04,3:00 PM,6.2,Major Flood,Rising,62.2
28-Nov-25,3:30 PM,Kelani Ganga (RB 01),Kehelgamu Oya,Norwood,m,1.5,3,4.5,2:00 PM,NA,3:00 PM,NA,,,44.8
28-Nov-25,3:30 PM,Kelani Ganga (RB 01),Kelani Ganga,Glencourse,m,15,16.5,19,2:00 PM,20.7,3:00 PM,20.93,Major Flood,Rising,73.8
28-Nov-25,3:30 PM,Kelani Ganga (RB 01),Kelani Ganga,Hanwella,m,7,8,10,2:00 PM,9.43,3:00 PM,9.54,Minor Flood,Rising,28.9
28-Nov-25,3:30 PM,Kelani Ganga (RB 01),Kelani Ganga,Kithulgala,m,3,4,6,2:00 PM,6.8,3:00 PM,6,Major Flood,Falling,129.6
28-Nov-25,3:30 PM,Kelani Ganga (RB 01),Kelani Ganga,Nagalagam Street,ft,4,5,7,2:00 PM,5.7,3:00 PM,5.8,Minor Flood,Rising,
28-Nov-25,3:30 PM,Kelani Ganga (RB 01),Seethawaka Ganga,Deraniyagala,m,4.8,5.8,6.4,2:00 PM,8.44,3:00 PM,7.93,Major Flood,Falling,77
28-Nov-25,3:30 PM,Kirindi Oya (RB 22),Kirindi Oya,Thanamalwila,m,4,5,5.5,2:00 PM,3.13,3:00 PM,3.08,Normal,,2.2
28-Nov-25,3:30 PM,Kirindi Oya (RB 22),Kirindi Oya,Wellawaya,m,4.4,5.4,5.9,2:00 PM,1.75,3:00 PM,1.72,Normal,,0
28-Nov-25,3:30 PM,Kirindi Oya (RB 22),Kuda Oya,Kuda Oya,m,6.9,8.4,8.8,2:00 PM,3.15,3:00 PM,3.1,Normal,,3
28-Nov-25,3:30 PM,Kumbukkan Oya (RB 31),Kumbukkan Oya,Nakkala,m,5,6,7.5,2:00 PM,2.4,3:00 PM,2.35,Normal,,1
28-Nov-25,3:30 PM,Maa Oya (RB 69),Mukunu Oya,Yaka Wewa,m,4,5,6,2:00 PM,NA,3:00 PM,NA,,,
28-Nov-25,3:30 PM,Maduru Oya (RB 54),Maduru Oya,Padiyathalawa,m,4,4.5,6,2:00 PM,NA,3:00 PM,NA,,,
28-Nov-25,3:30 PM,Maha Oya (RB 102),Maha Oya,Badalgama,m,5,6.2,9.6,2:00 PM,10.63,3:00 PM,10.8,Major Flood,Rising,64.4
28-Nov-25,3:30 PM,Maha Oya (RB 102),Maha Oya,Giriulla,m,5.5,6.5,7.5,2:00 PM,11.66,3:00 PM,11.8,Major Flood,Rising,82
28-Nov-25,3:30 PM,Mahaweli Ganga (RB 60),Badulu Oya,Thaldena,m,3,4,5,2:00 PM,NA,3:00 PM,NA,,,
28-Nov-25,3:30 PM,Mahaweli Ganga (RB 60),Mahaweli Ganga,Manampitiya,m,3,4.3,6,2:00 PM,NA,3:00 PM,NA,,,
28-Nov-25,3:30 PM,Mahaweli Ganga (RB 60),Mahaweli Ganga,Nawalapitiya,m,3.5,5,6,2:00 PM,NA,3:00 PM,NA,,,
28-Nov-25,3:30 PM,Mahaweli Ganga (RB 60),Mahaweli Ganga,Peradeniya,m,5,7,9,2:00 PM,NA,3:00 PM,NA,,,
28-Nov-25,3:30 PM,Mahaweli Ganga (RB 60),Mahaweli Ganga,Weraganthota,m,5,6,8,2:00 PM,NA,3:00 PM,NA,,,
28-Nov-25,3:30 PM,Malwathu Oya (RB 90),Malwathu Oya,Thanthirimale,m,5,6.8,7.8,2:00 PM,NA,3:00 PM,NA,,,
28-Nov-25,3:30 PM,Mee Oya (RB 95),Mee Oya,Galgamuwa,m,4.84,5.94,8,2:00 PM,NA,3:00 PM,NA,,,
28-Nov-25,3:30 PM,Menik Ganga (RB 26),Menik Ganga,Katharagama,m,4,4.6,6.5,2:00 PM,7.65,3:00 PM,7.6,Major Flood,Falling,0
28-Nov-25,3:30 PM,Nilwala Ganga (RB 12),Nilwala Ganga,Panadugama,m,5,6,7.5,2:00 PM,5.27,3:00 PM,5.28,Alert,Rising,0
28-Nov-25,3:30 PM,Nilwala Ganga (RB 12),Nilwala Ganga,Pitabeddara,m,4,5,6.5,2:00 PM,2.38,3:00 PM,2.31,Normal,,0
28-Nov-25,3:30 PM,Nilwala Ganga (RB 12),Nilwala Ganga,Thalgahagoda,m,1.4,1.7,2.8,2:00 PM,1.68,3:00 PM,1.68,Alert,,0
28-Nov-25,3:30 PM,Nilwala Ganga (RB 12),Urubokka Ganga,Urawa,m,2.5,4,6,2:00 PM,1.55,3:00 PM,1.47,Normal,,0
28-Nov-25,3:30 PM,Walawe Ganga (RB 18),Walawe Ganga,Moraketiya,m,3,5,7,2:00 PM,4.8,3:00 PM,4.7,Alert,Falling,4.7
28-Nov-25,3:30 PM,Yan Oya (RB 67),Yan Oya,Horowpothana,m,6,7.5,10.5,2:00 PM,8.4,3:00 PM,8.38,Minor Flood,Falling,0
30-Nov-25,3:30 AM,Attanagalu Oya (RB 103),Attanagalu Oya,Dunamale,m,3.3,4.4,5.5,2:00 AM,5.62,3:00 AM,5.6,Major Flood,Falling,0.5
30-Nov-25,3:30 AM,Deduru Oya (RB 99),Deduru Oya,Moragaswewa,m,4.75,6,7,2:00 AM,NA,3:00 AM,NA,,,
30-Nov-25,3:30 AM,Gin Ganga (RB 09),Gin Ganga,Baddegama,m,3.5,4,5,2:00 AM,2.9,3:00 AM,2.88,Normal,,0
30-Nov-25,3:30 AM,Gin Ganga (RB 09),Gin Ganga,Thawalama,m,4,6,7.5,2:00 AM,2.34,3:00 AM,2.33,Normal,,0
30-Nov-25,3:30 AM,Heda Oya (RB 36),Heda Oya,Siyambalanduwa,m,4.5,6,7,2:00 AM,1.42,3:00 AM,1.42,Normal,,0
30-Nov-25,3:30 AM,Kalu Ganga (RB 03),Kalu Ganga,Ellagawa,m,10,10.7,12.2,2:00 AM,NA,3:00 AM,NA,,,
30-Nov-25,3:30 AM,Kalu Ganga (RB 03),Kalu Ganga,Putupaula,m,3,4,5,2:00 AM,4.05,3:00 AM,4.07,Minor Flood,Rising,0
30-Nov-25,3:30 AM,Kalu Ganga (RB 03),Kalu Ganga,Rathnapura,m,5.2,7.5,9.5,2:00 AM,7.7,3:00 AM,7.63,Minor Flood,Falling,1.2
30-Nov-25,3:30 AM,Kalu Ganga (RB 03),Kuda Ganga,Kalawellawa (Millakanda),m,5,6.5,8,2:00 AM,8.12,3:00 AM,NA,Major Flood,,0.6
30-Nov-25,3:30 AM,Kalu Ganga (RB 03),Maguru Ganga,Magura,m,4,6,7.5,2:00 AM,4.18,3:00 AM,4.16,Alert,Falling,0
30-Nov-25,3:30 AM,Kelani Ganga (RB 01),Gurugoda Oya,Holombuwa,m,3,3.4,5,2:00 AM,2.16,3:00 AM,2.12,Normal,,0.3
30-Nov-25,3:30 AM,Kelani Ganga (RB 01),Kehelgamu Oya,Norwood,m,1.5,3,4.5,2:00 AM,1.55,3:00 AM,1.55,Alert,,1.2
30-Nov-25,3:30 AM,Kelani Ganga (RB 01),Kelani Ganga,Glencourse,m,15,16.5,19,2:00 AM,19.18,3:00 AM,19.02,Major Flood,Falling,0
30-Nov-25,3:30 AM,Kelani Ganga (RB 01),Kelani Ganga,Hanwella,m,7,8,10,2:00 AM,10.9,3:00 AM,10.9,Major Flood,,0
30-Nov-25,3:30 AM,Kelani Ganga (RB 01),Kelani Ganga,Kithulgala,m,3,4,6,2:00 AM,2.56,3:00 AM,2.56,Normal,,2
30-Nov-25,3:30 AM,Kelani Ganga (RB 01),Kelani Ganga,Nagalagam Street,ft,4,5,7,2:00 AM,6.8,3:00 AM,6.85,Minor Flood,Rising,-
30-Nov-25,3:30 AM,Kelani Ganga (RB 01),Seethawaka Ganga,Deraniyagala,m,4.8,5.8,6.4,2:00 AM,1.96,3:00 AM,1.92,Normal,,0.7
30-Nov-25,3:30 AM,Kirindi Oya (RB 22),Kirindi Oya,Thanamalwila,m,4,5,5.5,2:00 AM,2.03,3:00 AM,2.02,Normal,,0
30-Nov-25,3:30 AM,Kirindi Oya (RB 22),Kirindi Oya,Wellawaya,m,4.4,5.4,5.9,2:00 AM,1.33,3:00 AM,1.33,Normal,,0
30-Nov-25,3:30 AM,Kirindi Oya (RB 22),Kuda Oya,Kuda Oya,m,6.9,8.4,8.8,2:00 AM,2.18,3:00 AM,2.15,Normal,,0
30-Nov-25,3:30 AM,Kumbukkan Oya (RB 31),Kumbukkan Oya,Nakkala,m,5,6,7.5,2:00 AM,2,3:00 AM,1.99,Normal,,0
30-Nov-25,3:30 AM,Maa Oya (RB 69),Mukunu Oya,Yaka Wewa,m,4,5,6,2:00 AM,1.97,3:00 AM,1.96,Normal,,
30-Nov-25,3:30 AM,Maduru Oya (RB 54),Maduru Oya,Padiyathalawa,m,4,4.5,6,2:00 AM,NA,3:00 AM,NA,,,
30-Nov-25,3:30 AM,Maha Oya (RB 102),Maha Oya,Badalgama,m,5,6.2,9.6,2:00 AM,11.7,3:00 AM,11.35,Major Flood,Falling,0.5
30-Nov-25,3:30 AM,Maha Oya (RB 102),Maha Oya,Giriulla,m,5.5,6.5,7.5,2:00 AM,6.02,3:00 AM,5.64,Alert,Falling,0
30-Nov-25,3:30 AM,Mahaweli Ganga (RB 60),Badulu Oya,Thaldena,m,3,4,5,2:00 AM,NA,3:00 AM,NA,,,
30-Nov-25,3:30 AM,Mahaweli Ganga (RB 60),Mahaweli Ganga,Manampitiya,m,3,4.3,6,2:00 AM,NA,3:00 AM,NA,,,
30-Nov-25,3:30 AM,Mahaweli Ganga (RB 60),Mahaweli Ganga,Nawalapitiya,m,3.5,5,6,2:00 AM,NA,3:00 AM,NA,,,
30-Nov-25,3:30 AM,Mahaweli Ganga (RB 60),Mahaweli Ganga,Peradeniya,m,5,7,9,2:00 AM,NA,3:00 AM,NA,,,
30-Nov-25,3:30 AM,Mahaweli Ganga (RB 60),Mahaweli Ganga,Weraganthota,m,5,6,8,2:00 AM,NA,3:00 AM,NA,,,
30-Nov-25,3:30 AM,Malwathu Oya (RB 90),Malwathu Oya,Thanthirimale,m,5,6.8,7.8,2:00 AM,NA,3:00 AM,NA,,,
30-Nov-25,3:30 AM,Mee Oya (RB 95),Mee Oya,Galgamuwa,m,4.84,5.94,8,2:00 AM,NA,3:00 AM,NA,,,
30-Nov-25,3:30 AM,Menik Ganga (RB 26),Menik Ganga,Katharagama,m,4,4.6,6.5,2:00 AM,1.48,3:00 AM,1.4,Normal,,0
30-Nov-25,3:30 AM,Nilwala Ganga (RB 12),Nilwala Ganga,Panadugama,m,5,6,7.5,2:00 AM,4.31,3:00 AM,4.29,Normal,,0
30-Nov-25,3:30 AM,Nilwala Ganga (RB 12),Nilwala Ganga,Pitabeddara,m,4,5,6.5,2:00 AM,1.39,3:00 AM,1.38,Normal,,0
30-Nov-25,3:30 AM,Nilwala Ganga (RB 12),Nilwala Ganga,Thalgahagoda,m,1.4,1.7,2.8,2:00 AM,1.49,3:00 AM,1.49,Alert,,0
30-Nov-25,3:30 AM,Nilwala Ganga (RB 12),Urubokka Ganga,Urawa,m,2.5,4,6,2:00 AM,0.87,3:00 AM,0.87,Normal,,0
30-Nov-25,3:30 AM,Walawe Ganga (RB 18),Walawe Ganga,Moraketiya,m,3,5,7,2:00 AM,1.85,3:00 AM,1.8,Normal,,0
30-Nov-25,3:30 AM,Yan Oya (RB 67),Yan Oya,Horowpothana,m,6,7.5,10.5,2:00 AM,7.63,3:00 AM,7.62,Minor Flood,Falling,2.8
1-Dec-25,6:30 PM,Attanagalu Oya (RB 103),Attanagalu Oya,Dunamale,m,3.3,4.4,5.5,5:00 PM,3.64,6:00 PM,3.54,Alert,Falling,0
1-Dec-25,6:30 PM,Deduru Oya (RB 99),Deduru Oya,Moragaswewa,m,4.75,6,7,5:00 PM,NA,6:00 PM,NA,,,
1-Dec-25,6:30 PM,Gin Ganga (RB 09),Gin Ganga,Baddegama,m,3.5,4,5,5:00 PM,1.94,6:00 PM,1.92,Normal,,0
1-Dec-25,6:30 PM,Gin Ganga (RB 09),Gin Ganga,Thawalama,m,4,6,7.5,5:00 PM,1.93,6:00 PM,1.95,Normal,,5.3
1-Dec-25,6:30 PM,Heda Oya (RB 36),Heda Oya,Siyambalanduwa,m,4.5,6,7,5:00 PM,1.17,6:00 PM,1.14,Normal,,1.3
1-Dec-25,6:30 PM,Kalu Ganga (RB 03),Kalu Ganga,Ellagawa,m,10,10.7,12.2,5:00 PM,10.81,6:00 PM,10.8,Minor Flood,Falling,0
1-Dec-25,6:30 PM,Kalu Ganga (RB 03),Kalu Ganga,Putupaula,m,3,4,5,5:00 PM,4.16,6:00 PM,4.15,Minor Flood,Falling,0
1-Dec-25,6:30 PM,Kalu Ganga (RB 03),Kalu Ganga,Rathnapura,m,5.2,7.5,9.5,5:00 PM,5.08,6:00 PM,5,Normal,,0
1-Dec-25,6:30 PM,Kalu Ganga (RB 03),Kuda Ganga,Kalawellawa (Millakanda),m,5,6.5,8,5:00 PM,7,6:00 PM,6.97,Minor Flood,Falling,0
1-Dec-25,6:30 PM,Kalu Ganga (RB 03),Maguru Ganga,Magura,m,4,6,7.5,5:00 PM,2.21,6:00 PM,2.21,Normal,,1.8
1-Dec-25,6:30 PM,Kelani Ganga (RB 01),Gurugoda Oya,Holombuwa,m,3,3.4,5,5:00 PM,1.29,6:00 PM,1.32,Normal,,0
1-Dec-25,6:30 PM,Kelani Ganga (RB 01),Kehelgamu Oya,Norwood,m,1.5,3,4.5,5:00 PM,1.22,6:00 PM,1.22,Normal,,0
1-Dec-25,6:30 PM,Kelani Ganga (RB 01),Kelani Ganga,Glencourse,m,15,16.5,19,5:00 PM,12.31,6:00 PM,12.22,Normal,,0
1-Dec-25,6:30 PM,Kelani Ganga (RB 01),Kelani Ganga,Hanwella,m,7,8,10,5:00 PM,8.7,6:00 PM,8.61,Minor Flood,Falling,0
1-Dec-25,6:30 PM,Kelani Ganga (RB 01),Kelani Ganga,Kithulgala,m,3,4,6,5:00 PM,2,6:00 PM,2.2,Normal,,0
1-Dec-25,6:30 PM,Kelani Ganga (RB 01),Kelani Ganga,Nagalagam Street,ft,4,5,7,5:00 PM,8.3,6:00 PM,8.2,Major Flood,Falling,
1-Dec-25,6:30 PM,Kelani Ganga (RB 01),Seethawaka Ganga,Deraniyagala,m,4.8,5.8,6.4,5:00 PM,1.26,6:00 PM,1.25,Normal,,0
1-Dec-25,6:30 PM,Kirindi Oya (RB 22),Kirindi Oya,Thanamalwila,m,4,5,5.5,5:00 PM,1.46,6:00 PM,1.45,Normal,,0
1-Dec-25,6:30 PM,Kirindi Oya (RB 22),Kirindi Oya,Wellawaya,m,4.4,5.4,5.9,5:00 PM,1.21,6:00 PM,1.2,Normal,,0
1-Dec-25,6:30 PM,Kirindi Oya (RB 22),Kuda Oya,Kuda Oya,m,6.9,8.4,8.8,5:00 PM,1.86,6:00 PM,1.85,Normal,,0
1-Dec-25,6:30 PM,Kumbukkan Oya (RB 31),Kumbukkan Oya,Nakkala,m,5,6,7.5,5:00 PM,1.61,6:00 PM,1.6,Normal,,0
1-Dec-25,6:30 PM,Maa Oya (RB 69),Mukunu Oya,Yaka Wewa,m,4,5,6,5:00 PM,1.12,6:00 PM,1.11,Normal,,1
1-Dec-25,6:30 PM,Maduru Oya (RB 54),Maduru Oya,Padiyathalawa,m,4,4.5,6,5:00 PM,1.02,6:00 PM,1.02,Normal,,0
1-Dec-25,6:30 PM,Maha Oya (RB 102),Maha Oya,Badalgama,m,5,6.2,9.6,5:00 PM,3.96,6:00 PM,3.95,Normal,,0
1-Dec-25,6:30 PM,Maha Oya (RB 102),Maha Oya,Giriulla,m,5.5,6.5,7.5,5:00 PM,2.93,6:00 PM,2.9,Normal,,0
1-Dec-25,6:30 PM,Mahaweli Ganga (RB 60),Badulu Oya,Thaldena,m,3,4,5,5:00 PM,NA,6:00 PM,NA,,,
1-Dec-25,6:30 PM,Mahaweli Ganga (RB 60),Mahaweli Ganga,Manampitiya,m,3,4.3,6,5:00 PM,NA,6:00 PM,NA,,,
1-Dec-25,6:30 PM,Mahaweli Ganga (RB 60),Mahaweli Ganga,Nawalapitiya,m,3.5,5,6,5:00 PM,NA,6:00 PM,NA,,,
1-Dec-25,6:30 PM,Mahaweli Ganga (RB 60),Mahaweli Ganga,Peradeniya,m,5,7,9,5:00 PM,NA,6:00 PM,NA,,,
1-Dec-25,6:30 PM,Mahaweli Ganga (RB 60),Mahaweli Ganga,Weraganthota,m,5,6,8,5:00 PM,NA,6:00 PM,NA,,,
1-Dec-25,6:30 PM,Malwathu Oya (RB 90),Malwathu Oya,Thanthirimale,m,5,6.8,7.8,5:00 PM,9.32,6:00 PM,9.28,Major Flood,Falling,0
1-Dec-25,6:30 PM,Mee Oya (RB 95),Mee Oya,Galgamuwa,m,4.84,5.94,8,5:00 PM,3.6,6:00 PM,3.58,Normal,,0
1-Dec-25,6:30 PM,Menik Ganga (RB 26),Menik Ganga,Katharagama,m,4,4.6,6.5,5:00 PM,0.89,6:00 PM,0.89,Normal,,0
1-Dec-25,6:30 PM,Nilwala Ganga (RB 12),Nilwala Ganga,Panadugama,m,5,6,7.5,5:00 PM,3.29,6:00 PM,3.27,Normal,,0
1-Dec-25,6:30 PM,Nilwala Ganga (RB 12),Nilwala Ganga,Pitabeddara,m,4,5,6.5,5:00 PM,1,6:00 PM,1,Normal,,0
1-Dec-25,6:30 PM,Nilwala Ganga (RB 12),Nilwala Ganga,Thalgahagoda,m,1.4,1.7,2.8,5:00 PM,0.8,6:00 PM,0.79,Normal,,1.4
1-Dec-25,6:30 PM,Nilwala Ganga (RB 12),Urubokka Ganga,Urawa,m,2.5,4,6,5:00 PM,0.68,6:00 PM,0.67,Normal,,0
1-Dec-25,6:30 PM,Walawe Ganga (RB 18),Walawe Ganga,Moraketiya,m,3,5,7,5:00 PM,1.65,6:00 PM,1.58,Normal,,78.7
1-Dec-25,6:30 PM,Yan Oya (RB 67),Yan Oya,Horowpothana,m,6,7.5,10.5,5:00 PM,6.62,6:00 PM,6.51,Alert,Falling,0
3-Dec-25,12:30 AM,Attanagalu Oya (RB 103),Attanagalu Oya,Dunamale,m,3.3,4.4,5.5,11:00 PM,2.46,12:00 AM,2.44,Normal,,0
3-Dec-25,12:30 AM,Deduru Oya (RB 99),Deduru Oya,Moragaswewa,m,4.75,6,7,11:00 PM,NA,12:00 AM,NA,,,
3-Dec-25,12:30 AM,Gin Ganga (RB 09),Gin Ganga,Baddegama,m,3.5,4,5,11:00 PM,1.43,12:00 AM,1.43,Normal,,0
3-Dec-25,12:30 AM,Gin Ganga (RB 09),Gin Ganga,Thawalama,m,4,6,7.5,11:00 PM,1.74,12:00 AM,1.74,Normal,,0
3-Dec-25,12:30 AM,Heda Oya (RB 36),Heda Oya,Siyambalanduwa,m,4.5,6,7,11:00 PM,1.04,12:00 AM,1.03,Normal,,0
3-Dec-25,12:30 AM,Kalu Ganga (RB 03),Kalu Ganga,Ellagawa,m,10,10.7,12.2,11:00 PM,8.95,12:00 AM,8.9,Normal,,0
3-Dec-25,12:30 AM,Kalu Ganga (RB 03),Kalu Ganga,Putupaula,m,3,4,5,11:00 PM,3.41,12:00 AM,3.37,Alert,Falling,0
3-Dec-25,12:30 AM,Kalu Ganga (RB 03),Kalu Ganga,Rathnapura,m,5.2,7.5,9.5,11:00 PM,2.66,12:00 AM,2.59,Normal,,0
3-Dec-25,12:30 AM,Kalu Ganga (RB 03),Kuda Ganga,Kalawellawa (Millakanda),m,5,6.5,8,11:00 PM,5.49,12:00 AM,5.47,Alert,Falling,0
3-Dec-25,12:30 AM,Kalu Ganga (RB 03),Maguru Ganga,Magura,m,4,6,7.5,11:00 PM,1.84,12:00 AM,1.84,Normal,,0
3-Dec-25,12:30 AM,Kelani Ganga (RB 01),Gurugoda Oya,Holombuwa,m,3,3.4,5,11:00 PM,1.08,12:00 AM,1.08,Normal,,0
3-Dec-25,12:30 AM,Kelani Ganga (RB 01),Kehelgamu Oya,Norwood,m,1.5,3,4.5,11:00 PM,1.09,12:00 AM,1.08,Normal,,0
3-Dec-25,12:30 AM,Kelani Ganga (RB 01),Kelani Ganga,Glencourse,m,15,16.5,19,11:00 PM,11.08,12:00 AM,11.1,Normal,,0
3-Dec-25,12:30 AM,Kelani Ganga (RB 01),Kelani Ganga,Hanwella,m,7,8,10,11:00 PM,6.37,12:00 AM,6.26,Normal,,0
3-Dec-25,12:30 AM,Kelani Ganga (RB 01),Kelani Ganga,Kithulgala,m,3,4,6,11:00 PM,2.12,12:00 AM,2.05,Normal,,0
3-Dec-25,12:30 AM,Kelani Ganga (RB 01),Kelani Ganga,Nagalagam Street,ft,4,5,7,11:00 PM,6.2,12:00 AM,6.2,Minor Flood,,0
3-Dec-25,12:30 AM,Kelani Ganga (RB 01),Seethawaka Ganga,Deraniyagala,m,4.8,5.8,6.4,11:00 PM,1.04,12:00 AM,1.06,Normal,,0
3-Dec-25,12:30 AM,Kirindi Oya (RB 22),Kirindi Oya,Thanamalwila,m,4,5,5.5,11:00 PM,1.24,12:00 AM,1.24,Normal,,0
3-Dec-25,12:30 AM,Kirindi Oya (RB 22),Kirindi Oya,Wellawaya,m,4.4,5.4,5.9,11:00 PM,1.14,12:00 AM,1.14,Normal,,0
3-Dec-25,12:30 AM,Kirindi Oya (RB 22),Kuda Oya,Kuda Oya,m,6.9,8.4,8.8,11:00 PM,1.72,12:00 AM,1.72,Normal,,0
3-Dec-25,12:30 AM,Kumbukkan Oya (RB 31),Kumbukkan Oya,Nakkala,m,5,6,7.5,11:00 PM,1.43,12:00 AM,1.42,Normal,,0
3-Dec-25,12:30 AM,Maa Oya (RB 69),Mukunu Oya,Yaka Wewa,m,4,5,6,11:00 PM,0.97,12:00 AM,0.97,Normal,,0
3-Dec-25,12:30 AM,Maduru Oya (RB 54),Maduru Oya,Padiyathalawa,m,4,4.5,6,11:00 PM,0.86,12:00 AM,0.86,Normal,,
3-Dec-25,12:30 AM,Maha Oya (RB 102),Maha Oya,Badalgama,m,5,6.2,9.6,11:00 PM,3.45,12:00 AM,3.44,Normal,,0
3-Dec-25,12:30 AM,Maha Oya (RB 102),Maha Oya,Giriulla,m,5.5,6.5,7.5,11:00 PM,2.29,12:00 AM,2.28,Normal,,0
3-Dec-25,12:30 AM,Mahaweli Ganga (RB 60),Badulu Oya,Thaldena,m,3,4,5,11:00 PM,NA,12:00 AM,NA,,,
3-Dec-25,12:30 AM,Mahaweli Ganga (RB 60),Mahaweli Ganga,Manampitiya,m,3,4.3,6,11:00 PM,NA,12:00 AM,NA,,,
3-Dec-25,12:30 AM,Mahaweli Ganga (RB 60),Mahaweli Ganga,Nawalapitiya,m,3.5,5,6,11:00 PM,1.6,12:00 AM,1.6,Normal,,0
3-Dec-25,12:30 AM,Mahaweli Ganga (RB 60),Mahaweli Ganga,Peradeniya,m,5,7,9,11:00 PM,NA,12:00 AM,NA,,,
3-Dec-25,12:30 AM,Mahaweli Ganga (RB 60),Mahaweli Ganga,Weraganthota,m,5,6,8,11:00 PM,NA,12:00 AM,NA,,,
3-Dec-25,12:30 AM,Malwathu Oya (RB 90),Malwathu Oya,Thanthirimale,m,5,6.8,7.8,11:00 PM,7.82,12:00 AM,7.79,Minor Flood,Falling,2.2
3-Dec-25,12:30 AM,Mee Oya (RB 95),Mee Oya,Galgamuwa,m,4.84,5.94,8,11:00 PM,NA,12:00 AM,NA,,,
3-Dec-25,12:30 AM,Menik Ganga (RB 26),Menik Ganga,Katharagama,m,4,4.6,6.5,11:00 PM,0.28,12:00 AM,0.28,Normal,,0
3-Dec-25,12:30 AM,Nilwala Ganga (RB 12),Nilwala Ganga,Panadugama,m,5,6,7.5,11:00 PM,3.07,12:00 AM,3.07,Normal,,0
3-Dec-25,12:30 AM,Nilwala Ganga (RB 12),Nilwala Ganga,Pitabeddara,m,4,5,6.5,11:00 PM,0.98,12:00 AM,0.98,Normal,,0
3-Dec-25,12:30 AM,Nilwala Ganga (RB 12),Nilwala Ganga,Thalgahagoda,m,1.4,1.7,2.8,11:00 PM,0.62,12:00 AM,0.61,Normal,,0
3-Dec-25,12:30 AM,Nilwala Ganga (RB 12),Urubokka Ganga,Urawa,m,2.5,4,6,11:00 PM,0.59,12:00 AM,0.59,Normal,,0
3-Dec-25,12:30 AM,Walawe Ganga (RB 18),Walawe Ganga,Moraketiya,m,3,5,7,11:00 PM,1.35,12:00 AM,1.3,Normal,,0
3-Dec-25,12:30 AM,Yan Oya (RB 67),Yan Oya,Horowpothana,m,6,7.5,10.5,11:00 PM,3.57,12:00 AM,3.52,Normal,,0
3-Dec-25,6:30 AM,Attanagalu Oya (RB 103),Attanagalu Oya,Dunamale,m,3.3,4.4,5.5,5:00 AM,2.34,6:00 AM,2.34,Normal,,0
3-Dec-25,6:30 AM,Deduru Oya (RB 99),Deduru Oya,Moragaswewa,m,4.75,6,7,5:00 AM,NA,6:00 AM,NA,,,
3-Dec-25,6:30 AM,Gin Ganga (RB 09),Gin Ganga,Baddegama,m,3.5,4,5,5:00 AM,1.47,6:00 AM,1.42,Normal,,0
3-Dec-25,6:30 AM,Gin Ganga (RB 09),Gin Ganga,Thawalama,m,4,6,7.5,5:00 AM,1.71,6:00 AM,1.7,Normal,,0
3-Dec-25,6:30 AM,Heda Oya (RB 36),Heda Oya,Siyambalanduwa,m,4.5,6,7,5:00 AM,1.02,6:00 AM,1.02,Normal,,0
3-Dec-25,6:30 AM,Kalu Ganga (RB 03),Kalu Ganga,Ellagawa,m,10,10.7,12.2,5:00 AM,8.28,6:00 AM,8.14,Normal,,0
3-Dec-25,6:30 AM,Kalu Ganga (RB 03),Kalu Ganga,Putupaula,m,3,4,5,5:00 AM,3.17,6:00 AM,3.14,Alert,Falling,0
3-Dec-25,6:30 AM,Kalu Ganga (RB 03),Kalu Ganga,Rathnapura,m,5.2,7.5,9.5,5:00 AM,2.26,6:00 AM,2.21,Normal,,0
3-Dec-25,6:30 AM,Kalu Ganga (RB 03),Kuda Ganga,Kalawellawa (Millakanda),m,5,6.5,8,5:00 AM,5.17,6:00 AM,5.14,Alert,Falling,0
3-Dec-25,6:30 AM,Kalu Ganga (RB 03),Maguru Ganga,Magura,m,4,6,7.5,5:00 AM,1.78,6:00 AM,1.76,Normal,,0
3-Dec-25,6:30 AM,Kelani Ganga (RB 01),Gurugoda Oya,Holombuwa,m,3,3.4,5,5:00 AM,1.08,6:00 AM,1.13,Normal,,0
3-Dec-25,6:30 AM,Kelani Ganga (RB 01),Kehelgamu Oya,Norwood,m,1.5,3,4.5,5:00 AM,1.07,6:00 AM,1.07,Normal,,0
3-Dec-25,6:30 AM,Kelani Ganga (RB 01),Kelani Ganga,Glencourse,m,15,16.5,19,5:00 AM,11.02,6:00 AM,11.04,Normal,,0
3-Dec-25,6:30 AM,Kelani Ganga (RB 01),Kelani Ganga,Hanwella,m,7,8,10,5:00 AM,5.84,6:00 AM,5.76,Normal,,0
3-Dec-25,6:30 AM,Kelani Ganga (RB 01),Kelani Ganga,Kithulgala,m,3,4,6,5:00 AM,2.15,6:00 AM,2.15,Normal,,0
3-Dec-25,6:30 AM,Kelani Ganga (RB 01),Kelani Ganga,Nagalagam Street,ft,4,5,7,5:00 AM,5.3,6:00 AM,5,Minor Flood,Falling,
3-Dec-25,6:30 AM,Kelani Ganga (RB 01),Seethawaka Ganga,Deraniyagala,m,4.8,5.8,6.4,5:00 AM,0.98,6:00 AM,0.97,Normal,,0
3-Dec-25,6:30 AM,Kirindi Oya (RB 22),Kirindi Oya,Thanamalwila,m,4,5,5.5,5:00 AM,1.23,6:00 AM,1.25,Normal,,0
3-Dec-25,6:30 AM,Kirindi Oya (RB 22),Kirindi Oya,Wellawaya,m,4.4,5.4,5.9,5:00 AM,1.25,6:00 AM,1.24,Normal,,0
3-Dec-25,6:30 AM,Kirindi Oya (RB 22),Kuda Oya,Kuda Oya,m,6.9,8.4,8.8,5:00 AM,1.71,6:00 AM,1.71,Normal,,0
3-Dec-25,6:30 AM,Kumbukkan Oya (RB 31),Kumbukkan Oya,Nakkala,m,5,6,7.5,5:00 AM,1.42,6:00 AM,1.41,Normal,,0
3-Dec-25,6:30 AM,Maa Oya (RB 69),Mukunu Oya,Yaka Wewa,m,4,5,6,5:00 AM,0.96,6:00 AM,0.95,Normal,,0
3-Dec-25,6:30 AM,Maduru Oya (RB 54),Maduru Oya,Padiyathalawa,m,4,4.5,6,5:00 AM,0.85,6:00 AM,0.85,Normal,,
3-Dec-25,6:30 AM,Maha Oya (RB 102),Maha Oya,Badalgama,m,5,6.2,9.6,5:00 AM,3.34,6:00 AM,3.32,Normal,,0
3-Dec-25,6:30 AM,Maha Oya (RB 102),Maha Oya,Giriulla,m,5.5,6.5,7.5,5:00 AM,2.2,6:00 AM,2.2,Normal,,0
3-Dec-25,6:30 AM,Mahaweli Ganga (RB 60),Badulu Oya,Thaldena,m,3,4,5,5:00 AM,NA,6:00 AM,NA,,,
3-Dec-25,6:30 AM,Mahaweli Ganga (RB 60),Mahaweli Ganga,Manampitiya,m,3,4.3,6,5:00 AM,NA,6:00 AM,NA,,,
3-Dec-25,6:30 AM,Mahaweli Ganga (RB 60),Mahaweli Ganga,Nawalapitiya,m,3.5,5,6,5:00 AM,1.59,6:00 AM,1.58,Normal,,0
3-Dec-25,6:30 AM,Mahaweli Ganga (RB 60),Mahaweli Ganga,Peradeniya,m,5,7,9,5:00 AM,NA,6:00 AM,NA,,,
3-Dec-25,6:30 AM,Mahaweli Ganga (RB 60),Mahaweli Ganga,Weraganthota,m,5,6,8,5:00 AM,NA,6:00 AM,NA,,,
3-Dec-25,6:30 AM,Malwathu Oya (RB 90),Malwathu Oya,Thanthirimale,m,5,6.8,7.8,5:00 AM,7.58,6:00 AM,7.54,Minor Flood,Falling,2.2
3-Dec-25,6:30 AM,Mee Oya (RB 95),Mee Oya,Galgamuwa,m,4.84,5.94,8,5:00 AM,NA,6:00 AM,NA,,,
3-Dec-25,6:30 AM,Menik Ganga (RB 26),Menik Ganga,Katharagama,m,4,4.6,6.5,5:00 AM,0.38,6:00 AM,0.48,Normal,,0
3-Dec-25,6:30 AM,Nilwala Ganga (RB 12),Nilwala Ganga,Panadugama,m,5,6,7.5,5:00 AM,3.05,6:00 AM,3.05,Normal,,0
3-Dec-25,6:30 AM,Nilwala Ganga (RB 12),Nilwala Ganga,Pitabeddara,m,4,5,6.5,5:00 AM,0.96,6:00 AM,0.96,Normal,,0
3-Dec-25,6:30 AM,Nilwala Ganga (RB 12),Nilwala Ganga,Thalgahagoda,m,1.4,1.7,2.8,5:00 AM,0.65,6:00 AM,0.64,Normal,,0
3-Dec-25,6:30 AM,Nilwala Ganga (RB 12),Urubokka Ganga,Urawa,m,2.5,4,6,5:00 AM,0.58,6:00 AM,0.58,Normal,,0
3-Dec-25,6:30 AM,Walawe Ganga (RB 18),Walawe Ganga,Moraketiya,m,3,5,7,5:00 AM,1.15,6:00 AM,1.15,Normal,,0
3-Dec-25,6:30 AM,Yan Oya (RB 67),Yan Oya,Horowpothana,m,6,7.5,10.5,5:00 AM,3.28,6:00 AM,3.25,Normal,,0
3-Dec-25,6:30 PM,Attanagalu Oya (RB 103),Attanagalu Oya,Dunamale,m,3.3,4.4,5.5,5:00 PM,2.28,6:00 PM,2.26,Normal,,0
3-Dec-25,6:30 PM,Deduru Oya (RB 99),Deduru Oya,Moragaswewa,m,4.75,6,7,5:00 PM,NA,6:00 PM,NA,,,
3-Dec-25,6:30 PM,Gin Ganga (RB 09),Gin Ganga,Baddegama,m,3.5,4,5,5:00 PM,1.27,6:00 PM,1.24,Normal,,0
3-Dec-25,6:30 PM,Gin Ganga (RB 09),Gin Ganga,Thawalama,m,4,6,7.5,5:00 PM,1.66,6:00 PM,1.65,Normal,,0
3-Dec-25,6:30 PM,Heda Oya (RB 36),Heda Oya,Siyambalanduwa,m,4.5,6,7,5:00 PM,0.99,6:00 PM,0.99,Normal,,0
3-Dec-25,6:30 PM,Kalu Ganga (RB 03),Kalu Ganga,Ellagawa,m,10,10.7,12.2,5:00 PM,6.48,6:00 PM,6.36,Normal,,0
3-Dec-25,6:30 PM,Kalu Ganga (RB 03),Kalu Ganga,Putupaula,m,3,4,5,5:00 PM,2.3,6:00 PM,2.2,Normal,,0
3-Dec-25,6:30 PM,Kalu Ganga (RB 03),Kalu Ganga,Rathnapura,m,5.2,7.5,9.5,5:00 PM,1.94,6:00 PM,1.93,Normal,,0
3-Dec-25,6:30 PM,Kalu Ganga (RB 03),Kuda Ganga,Kalawellawa (Millakanda),m,5,6.5,8,5:00 PM,4.15,6:00 PM,4.07,Normal,,0
3-Dec-25,6:30 PM,Kalu Ganga (RB 03),Maguru Ganga,Magura,m,4,6,7.5,5:00 PM,1.65,6:00 PM,1.65,Normal,,0
3-Dec-25,6:30 PM,Kelani Ganga (RB 01),Gurugoda Oya,Holombuwa,m,3,3.4,5,5:00 PM,1,6:00 PM,1,Normal,,0
3-Dec-25,6:30 PM,Kelani Ganga (RB 01),Kehelgamu Oya,Norwood,m,1.5,3,4.5,5:00 PM,1.03,6:00 PM,1.02,Normal,,0
3-Dec-25,6:30 PM,Kelani Ganga (RB 01),Kelani Ganga,Glencourse,m,15,16.5,19,5:00 PM,10.85,6:00 PM,10.79,Normal,,0
3-Dec-25,6:30 PM,Kelani Ganga (RB 01),Kelani Ganga,Hanwella,m,7,8,10,5:00 PM,4.93,6:00 PM,4.86,Normal,,0
3-Dec-25,6:30 PM,Kelani Ganga (RB 01),Kelani Ganga,Kithulgala,m,3,4,6,5:00 PM,1.85,6:00 PM,1.91,Normal,,0
3-Dec-25,6:30 PM,Kelani Ganga (RB 01),Kelani Ganga,Nagalagam Street,ft,4,5,7,5:00 PM,3.8,6:00 PM,3.7,Normal,,
3-Dec-25,6:30 PM,Kelani Ganga (RB 01),Seethawaka Ganga,Deraniyagala,m,4.8,5.8,6.4,5:00 PM,0.87,6:00 PM,0.95,Normal,,0
3-Dec-25,6:30 PM,Kirindi Oya (RB 22),Kirindi Oya,Thanamalwila,m,4,5,5.5,5:00 PM,1.42,6:00 PM,1.41,Normal,,0
3-Dec-25,6:30 PM,Kirindi Oya (RB 22),Kirindi Oya,Wellawaya,m,4.4,5.4,5.9,5:00 PM,1.18,6:00 PM,1.18,Normal,,0
3-Dec-25,6:30 PM,Kirindi Oya (RB 22),Kuda Oya,Kuda Oya,m,6.9,8.4,8.8,5:00 PM,1.67,6:00 PM,1.67,Normal,,0
3-Dec-25,6:30 PM,Kumbukkan Oya (RB 31),Kumbukkan Oya,Nakkala,m,5,6,7.5,5:00 PM,1.38,6:00 PM,1.38,Normal,,0
3-Dec-25,6:30 PM,Maa Oya (RB 69),Mukunu Oya,Yaka Wewa,m,4,5,6,5:00 PM,0.87,6:00 PM,0.88,Normal,,6.2
3-Dec-25,6:30 PM,Maduru Oya (RB 54),Maduru Oya,Padiyathalawa,m,4,4.5,6,5:00 PM,0.84,6:00 PM,0.84,Normal,,
3-Dec-25,6:30 PM,Maha Oya (RB 102),Maha Oya,Badalgama,m,5,6.2,9.6,5:00 PM,3.26,6:00 PM,3.26,Normal,,0
3-Dec-25,6:30 PM,Maha Oya (RB 102),Maha Oya,Giriulla,m,5.5,6.5,7.5,5:00 PM,2.13,6:00 PM,2.13,Normal,,0
3-Dec-25,6:30 PM,Mahaweli Ganga (RB 60),Badulu Oya,Thaldena,m,3,4,5,5:00 PM,0.84,6:00 PM,0.84,Normal,,0
3-Dec-25,6:30 PM,Mahaweli Ganga (RB 60),Mahaweli Ganga,Manampitiya,m,3,4.3,6,5:00 PM,NA,6:00 PM,NA,,,
3-Dec-25,6:30 PM,Mahaweli Ganga (RB 60),Mahaweli Ganga,Nawalapitiya,m,3.5,5,6,5:00 PM,1.55,6:00 PM,1.55,Normal,,0
3-Dec-25,6:30 PM,Mahaweli Ganga (RB 60),Mahaweli Ganga,Peradeniya,m,5,7,9,5:00 PM,NA,6:00 PM,NA,,,
3-Dec-25,6:30 PM,Mahaweli Ganga (RB 60),Mahaweli Ganga,Weraganthota,m,5,6,8,5:00 PM,NA,6:00 PM,NA,,,
3-Dec-25,6:30 PM,Malwathu Oya (RB 90),Malwathu Oya,Thanthirimale,m,5,6.8,7.8,5:00 PM,6.96,6:00 PM,6.91,Minor Flood,Falling,0
3-Dec-25,6:30 PM,Mee Oya (RB 95),Mee Oya,Galgamuwa,m,4.84,5.94,8,5:00 PM,1.89,6:00 PM,1.88,Normal,,0
3-Dec-25,6:30 PM,Menik Ganga (RB 26),Menik Ganga,Katharagama,m,4,4.6,6.5,5:00 PM,0.48,6:00 PM,0.5,Normal,,0
3-Dec-25,6:30 PM,Nilwala Ganga (RB 12),Nilwala Ganga,Panadugama,m,5,6,7.5,5:00 PM,2.87,6:00 PM,2.87,Normal,,0
3-Dec-25,6:30 PM,Nilwala Ganga (RB 12),Nilwala Ganga,Pitabeddara,m,4,5,6.5,5:00 PM,0.91,6:00 PM,0.9,Normal,,0
3-Dec-25,6:30 PM,Nilwala Ganga (RB 12),Nilwala Ganga,Thalgahagoda,m,1.4,1.7,2.8,5:00 PM,0.6,6:00 PM,0.58,Normal,,0
3-Dec-25,6:30 PM,Nilwala Ganga (RB 12),Urubokka Ganga,Urawa,m,2.5,4,6,5:00 PM,0.58,6:00 PM,0.58,Normal,,0
3-Dec-25,6:30 PM,Walawe Ganga (RB 18),Walawe Ganga,Moraketiya,m,3,5,7,5:00 PM,1.1,6:00 PM,1.1,Normal,,0
3-Dec-25,6:30 PM,Yan Oya (RB 67),Yan Oya,Horowpothana,m,6,7.5,10.5,5:00 PM,2.82,6:00 PM,2.82,Normal,,0
8-Dec-25,6:30 PM,Attanagalu Oya (RB 103),Attanagalu Oya,Dunamale,m,3.3,4.4,5.5,5:00 PM,1.92,6:00 PM,1.82,Normal,,0
8-Dec-25,6:30 PM,Deduru Oya (RB 99),Deduru Oya,Moragaswewa,m,4.75,6,7,5:00 PM,-,6:00 PM,-,,,
8-Dec-25,6:30 PM,Gin Ganga (RB 09),Gin Ganga,Baddegama,m,3.5,4,5,5:00 PM,2,6:00 PM,1.96,Normal,,5.1
8-Dec-25,6:30 PM,Gin Ganga (RB 09),Gin Ganga,Thawalama,m,4,6,7.5,5:00 PM,1.68,6:00 PM,1.82,Normal,,24.4
8-Dec-25,6:30 PM,Heda Oya (RB 36),Heda Oya,Siyambalanduwa,m,4.5,6,7,5:00 PM,0.81,6:00 PM,0.8,Normal,,0
8-Dec-25,6:30 PM,Kalu Ganga (RB 03),Kalu Ganga,Ellagawa,m,10,10.7,12.2,5:00 PM,6.03,6:00 PM,5.97,Normal,,0
8-Dec-25,6:30 PM,Kalu Ganga (RB 03),Kalu Ganga,Putupaula,m,3,4,5,5:00 PM,1.12,6:00 PM,1.15,Normal,,0
8-Dec-25,6:30 PM,Kalu Ganga (RB 03),Kalu Ganga,Rathnapura,m,5.2,7.5,9.5,5:00 PM,1.94,6:00 PM,1.92,Normal,,6.3
8-Dec-25,6:30 PM,Kalu Ganga (RB 03),Kuda Ganga,Kalawellawa (Millakanda),m,5,6.5,8,5:00 PM,3.34,6:00 PM,3.32,Normal,,0
8-Dec-25,6:30 PM,Kalu Ganga (RB 03),Maguru Ganga,Magura,m,4,6,7.5,5:00 PM,2.09,6:00 PM,2.04,Normal,,0
8-Dec-25,6:30 PM,Kelani Ganga (RB 01),Gurugoda Oya,Holombuwa,m,3,3.4,5,5:00 PM,0.73,6:00 PM,0.73,Normal,,0
8-Dec-25,6:30 PM,Kelani Ganga (RB 01),Kehelgamu Oya,Norwood,m,1.5,3,4.5,5:00 PM,1.22,6:00 PM,1.12,Normal,,5.5
8-Dec-25,6:30 PM,Kelani Ganga (RB 01),Kelani Ganga,Glencourse,m,15,16.5,19,5:00 PM,10.01,6:00 PM,9.95,Normal,,0
8-Dec-25,6:30 PM,Kelani Ganga (RB 01),Kelani Ganga,Hanwella,m,7,8,10,5:00 PM,2.3,6:00 PM,2.26,Normal,,0
8-Dec-25,6:30 PM,Kelani Ganga (RB 01),Kelani Ganga,Kithulgala,m,3,4,6,5:00 PM,1.98,6:00 PM,1.93,Normal,,0
8-Dec-25,6:30 PM,Kelani Ganga (RB 01),Kelani Ganga,Nagalagam Street,ft,4,5,7,5:00 PM,2.6,6:00 PM,2.4,Normal,,
8-Dec-25,6:30 PM,Kelani Ganga (RB 01),Seethawaka Ganga,Deraniyagala,m,4.8,5.8,6.4,5:00 PM,0.7,6:00 PM,0.65,Normal,,0
8-Dec-25,6:30 PM,Kirindi Oya (RB 22),Kirindi Oya,Thanamalwila,m,4,5,5.5,5:00 PM,1.22,6:00 PM,1.22,Normal,,0
8-Dec-25,6:30 PM,Kirindi Oya (RB 22),Kirindi Oya,Wellawaya,m,4.4,5.4,5.9,5:00 PM,1.02,6:00 PM,1.02,Normal,,0
8-Dec-25,6:30 PM,Kirindi Oya (RB 22),Kuda Oya,Kuda Oya,m,6.9,8.4,8.8,5:00 PM,1.5,6:00 PM,1.5,Normal,,0
8-Dec-25,6:30 PM,Kumbukkan Oya (RB 31),Kumbukkan Oya,Nakkala,m,5,6,7.5,5:00 PM,1.19,6:00 PM,1.18,Normal,,0
8-Dec-25,6:30 PM,Maa Oya (RB 69),Mukunu Oya,Yaka Wewa,m,4,5,6,5:00 PM,0.79,6:00 PM,0.79,Normal,,0
8-Dec-25,6:30 PM,Maduru Oya (RB 54),Maduru Oya,Padiyathalawa,m,4,4.5,6,5:00 PM,0.79,6:00 PM,0.79,Normal,,0
8-Dec-25,6:30 PM,Maha Oya (RB 102),Maha Oya,Badalgama,m,5,6.2,9.6,5:00 PM,2.65,6:00 PM,2.65,Normal,,0
8-Dec-25,6:30 PM,Maha Oya (RB 102),Maha Oya,Giriulla,m,5.5,6.5,7.5,5:00 PM,1.49,6:00 PM,1.49,Normal,,0
8-Dec-25,6:30 PM,Mahaweli Ganga (RB 60),Badulu Oya,Thaldena,m,3,4,5,5:00 PM,0.67,6:00 PM,0.67,Normal,,0
8-Dec-25,6:30 PM,Mahaweli Ganga (RB 60),Mahaweli Ganga,Manampitiya,m,3,4.3,6,5:00 PM,-,6:00 PM,-,,,
8-Dec-25,6:30 PM,Mahaweli Ganga (RB 60),Mahaweli Ganga,Nawalapitiya,m,3.5,5,6,5:00 PM,1.22,6:00 PM,1.22,Normal,,0
8-Dec-25,6:30 PM,Mahaweli Ganga (RB 60),Mahaweli Ganga,Peradeniya,m,5,7,9,5:00 PM,2.64,6:00 PM,2.66,Normal,,0
8-Dec-25,6:30 PM,Mahaweli Ganga (RB 60),Mahaweli Ganga,Weraganthota,m,5,6,8,5:00 PM,-1.28,6:00 PM,-1.53,Normal,,0
8-Dec-25,6:30 PM,Malwathu Oya (RB 90),Malwathu Oya,Thanthirimale,m,5,6.8,7.8,5:00 PM,4.15,6:00 PM,4.12,Normal,,0
8-Dec-25,6:30 PM,Mee Oya (RB 95),Mee Oya,Galgamuwa,m,4.84,5.94,8,5:00 PM,1.47,6:00 PM,1.5,Normal,,0
8-Dec-25,6:30 PM,Menik Ganga (RB 26),Menik Ganga,Katharagama,m,4,4.6,6.5,5:00 PM,0.31,6:00 PM,0.31,Normal,,0
8-Dec-25,6:30 PM,Nilwala Ganga (RB 12),Nilwala Ganga,Panadugama,m,5,6,7.5,5:00 PM,3.43,6:00 PM,3.39,Normal,,14.3
8-Dec-25,6:30 PM,Nilwala Ganga (RB 12),Nilwala Ganga,Pitabeddara,m,4,5,6.5,5:00 PM,0.94,6:00 PM,0.94,Normal,,0
8-Dec-25,6:30 PM,Nilwala Ganga (RB 12),Nilwala Ganga,Thalgahagoda,m,1.4,1.7,2.8,5:00 PM,0.7,6:00 PM,0.69,Normal,,3.5
8-Dec-25,6:30 PM,Nilwala Ganga (RB 12),Urubokka Ganga,Urawa,m,2.5,4,6,5:00 PM,0.61,6:00 PM,0.61,Normal,,0
8-Dec-25,6:30 PM,Walawe Ganga (RB 18),Walawe Ganga,Moraketiya,m,3,5,7,5:00 PM,1,6:00 PM,1,Normal,,0
8-Dec-25,6:30 PM,Yan Oya (RB 67),Yan Oya,Horowpothana,m,6,7.5,10.5,5:00 PM,1.58,6:00 PM,1.57,Normal,,0
10-Dec-25,6:30 AM,Attanagalu Oya (RB 103),Attanagalu Oya,Dunamale,m,3.3,4.4,5.5,5:00 AM,1.33,6:00 AM,1.32,Normal,,0
10-Dec-25,6:30 AM,Deduru Oya (RB 99),Deduru Oya,Moragaswewa,m,4.75,6,7,5:00 AM,-,6:00 AM,-,,,
10-Dec-25,6:30 AM,Gin Ganga (RB 09),Gin Ganga,Baddegama,m,3.5,4,5,5:00 AM,1.88,6:00 AM,1.87,Normal,,0
10-Dec-25,6:30 AM,Gin Ganga (RB 09),Gin Ganga,Thawalama,m,4,6,7.5,5:00 AM,1.81,6:00 AM,1.78,Normal,,6.5
10-Dec-25,6:30 AM,Heda Oya (RB 36),Heda Oya,Siyambalanduwa,m,4.5,6,7,5:00 AM,1,6:00 AM,0.98,Normal,,24
10-Dec-25,6:30 AM,Kalu Ganga (RB 03),Kalu Ganga,Ellagawa,m,10,10.7,12.2,5:00 AM,5.15,6:00 AM,5.2,Normal,,0
10-Dec-25,6:30 AM,Kalu Ganga (RB 03),Kalu Ganga,Putupaula,m,3,4,5,5:00 AM,0.92,6:00 AM,1,Normal,,0
10-Dec-25,6:30 AM,Kalu Ganga (RB 03),Kalu Ganga,Rathnapura,m,5.2,7.5,9.5,5:00 AM,1.66,6:00 AM,1.65,Normal,,0
10-Dec-25,6:30 AM,Kalu Ganga (RB 03),Kuda Ganga,Kalawellawa (Millakanda),m,5,6.5,8,5:00 AM,2.7,6:00 AM,2.66,Normal,,0
10-Dec-25,6:30 AM,Kalu Ganga (RB 03),Maguru Ganga,Magura,m,4,6,7.5,5:00 AM,2.4,6:00 AM,2.21,Normal,,0
10-Dec-25,6:30 AM,Kelani Ganga (RB 01),Gurugoda Oya,Holombuwa,m,3,3.4,5,5:00 AM,0.8,6:00 AM,0.8,Normal,,1.5
10-Dec-25,6:30 AM,Kelani Ganga (RB 01),Kehelgamu Oya,Norwood,m,1.5,3,4.5,5:00 AM,0.86,6:00 AM,0.86,Normal,,6.2
10-Dec-25,6:30 AM,Kelani Ganga (RB 01),Kelani Ganga,Glencourse,m,15,16.5,19,5:00 AM,9.95,6:00 AM,9.91,Normal,,9.5
10-Dec-25,6:30 AM,Kelani Ganga (RB 01),Kelani Ganga,Hanwella,m,7,8,10,5:00 AM,2.18,6:00 AM,2.15,Normal,,86.7
10-Dec-25,6:30 AM,Kelani Ganga (RB 01),Kelani Ganga,Kithulgala,m,3,4,6,5:00 AM,1.78,6:00 AM,1.78,Normal,,0.5
10-Dec-25,6:30 AM,Kelani Ganga (RB 01),Kelani Ganga,Nagalagam Street,ft,4,5,7,5:00 AM,2.6,6:00 AM,2.8,Normal,,
10-Dec-25,6:30 AM,Kelani Ganga (RB 01),Seethawaka Ganga,Deraniyagala,m,4.8,5.8,6.4,5:00 AM,0.67,6:00 AM,0.66,Normal,,2.3
10-Dec-25,6:30 AM,Kirindi Oya (RB 22),Kirindi Oya,Thanamalwila,m,4,5,5.5,5:00 AM,1.26,6:00 AM,1.27,Normal,,9.2
10-Dec-25,6:30 AM,Kirindi Oya (RB 22),Kirindi Oya,Wellawaya,m,4.4,5.4,5.9,5:00 AM,1.13,6:00 AM,1.11,Normal,,2
10-Dec-25,6:30 AM,Kirindi Oya (RB 22),Kuda Oya,Kuda Oya,m,6.9,8.4,8.8,5:00 AM,1.52,6:00 AM,1.52,Normal,,2.9
10-Dec-25,6:30 AM,Kumbukkan Oya (RB 31),Kumbukkan Oya,Nakkala,m,5,6,7.5,5:00 AM,1.21,6:00 AM,1.21,Normal,,0
10-Dec-25,6:30 AM,Maa Oya (RB 69),Mukunu Oya,Yaka Wewa,m,4,5,6,5:00 AM,1.45,6:00 AM,1.43,Normal,,15.3
10-Dec-25,6:30 AM,Maduru Oya (RB 54),Maduru Oya,Padiyathalawa,m,4,4.5,6,5:00 AM,1.74,6:00 AM,1.38,Normal,,41.6
10-Dec-25,6:30 AM,Maha Oya (RB 102),Maha Oya,Badalgama,m,5,6.2,9.6,5:00 AM,2.6,6:00 AM,2.6,Normal,,0
10-Dec-25,6:30 AM,Maha Oya (RB 102),Maha Oya,Giriulla,m,5.5,6.5,7.5,5:00 AM,1.36,6:00 AM,1.36,Normal,,0
10-Dec-25,6:30 AM,Mahaweli Ganga (RB 60),Badulu Oya,Thaldena,m,3,4,5,5:00 AM,-,6:00 AM,-,,,
10-Dec-25,6:30 AM,Mahaweli Ganga (RB 60),Mahaweli Ganga,Manampitiya,m,3,4.3,6,5:00 AM,-,6:00 AM,-,,,
10-Dec-25,6:30 AM,Mahaweli Ganga (RB 60),Mahaweli Ganga,Nawalapitiya,m,3.5,5,6,5:00 AM,1.15,6:00 AM,1.16,Normal,,0.2
10-Dec-25,6:30 AM,Mahaweli Ganga (RB 60),Mahaweli Ganga,Peradeniya,m,5,7,9,5:00 AM,-,6:00 AM,-,,,
10-Dec-25,6:30 AM,Mahaweli Ganga (RB 60),Mahaweli Ganga,Weraganthota,m,5,6,8,5:00 AM,-,6:00 AM,-,,,
10-Dec-25,6:30 AM,Malwathu Oya (RB 90),Malwathu Oya,Thanthirimale,m,5,6.8,7.8,5:00 AM,-,6:00 AM,-,,,
10-Dec-25,6:30 AM,Mee Oya (RB 95),Mee Oya,Galgamuwa,m,4.84,5.94,8,5:00 AM,-,6:00 AM,-,,,
10-Dec-25,6:30 AM,Menik Ganga (RB 26),Menik Ganga,Katharagama,m,4,4.6,6.5,5:00 AM,0.33,6:00 AM,0.36,Normal,,0
10-Dec-25,6:30 AM,Nilwala Ganga (RB 12),Nilwala Ganga,Panadugama,m,5,6,7.5,5:00 AM,4.53,6:00 AM,4.46,Normal,,9.1
10-Dec-25,6:30 AM,Nilwala Ganga (RB 12),Nilwala Ganga,Pitabeddara,m,4,5,6.5,5:00 AM,2.5,6:00 AM,2.24,Normal,,0
10-Dec-25,6:30 AM,Nilwala Ganga (RB 12),Nilwala Ganga,Thalgahagoda,m,1.4,1.7,2.8,5:00 AM,0.9,6:00 AM,0.92,Normal,,
10-Dec-25,6:30 AM,Nilwala Ganga (RB 12),Urubokka Ganga,Urawa,m,2.5,4,6,5:00 AM,0.72,6:00 AM,0.64,Normal,,77
10-Dec-25,6:30 AM,Walawe Ganga (RB 18),Walawe Ganga,Moraketiya,m,3,5,7,5:00 AM,1.03,6:00 AM,1.02,Normal,,0
10-Dec-25,6:30 AM,Yan Oya (RB 67),Yan Oya,Horowpothana,m,6,7.5,10.5,5:00 AM,3.96,6:00 AM,4.36,Normal,,35.6
10-Dec-25,9:30 AM,Attanagalu Oya (RB 103),Attanagalu Oya,Dunamale,m,3.3,4.4,5.5,8:00 AM,1.3,9:00 AM,1.3,Normal,,0
10-Dec-25,9:30 AM,Deduru Oya (RB 99),Deduru Oya,Moragaswewa,m,4.75,6,7,8:00 AM,-,9:00 AM,-,,,
10-Dec-25,9:30 AM,Gin Ganga (RB 09),Gin Ganga,Baddegama,m,3.5,4,5,8:00 AM,1.86,9:00 AM,1.83,Normal,,0
10-Dec-25,9:30 AM,Gin Ganga (RB 09),Gin Ganga,Thawalama,m,4,6,7.5,8:00 AM,1.69,9:00 AM,1.68,Normal,,6.5
10-Dec-25,9:30 AM,Heda Oya (RB 36),Heda Oya,Siyambalanduwa,m,4.5,6,7,8:00 AM,0.97,9:00 AM,0.96,Normal,,24
10-Dec-25,9:30 AM,Kalu Ganga (RB 03),Kalu Ganga,Ellagawa,m,10,10.7,12.2,8:00 AM,5.19,9:00 AM,5.18,Normal,,0
10-Dec-25,9:30 AM,Kalu Ganga (RB 03),Kalu Ganga,Putupaula,m,3,4,5,8:00 AM,0.91,9:00 AM,0.81,Normal,,0
10-Dec-25,9:30 AM,Kalu Ganga (RB 03),Kalu Ganga,Rathnapura,m,5.2,7.5,9.5,8:00 AM,1.62,9:00 AM,1.61,Normal,,0
10-Dec-25,9:30 AM,Kalu Ganga (RB 03),Kuda Ganga,Kalawellawa (Millakanda),m,5,6.5,8,8:00 AM,2.54,9:00 AM,2.48,Normal,,0
10-Dec-25,9:30 AM,Kalu Ganga (RB 03),Maguru Ganga,Magura,m,4,6,7.5,8:00 AM,1.98,9:00 AM,1.95,Normal,,0
10-Dec-25,9:30 AM,Kelani Ganga (RB 01),Gurugoda Oya,Holombuwa,m,3,3.4,5,8:00 AM,0.79,9:00 AM,0.78,Normal,,1.5
10-Dec-25,9:30 AM,Kelani Ganga (RB 01),Kehelgamu Oya,Norwood,m,1.5,3,4.5,8:00 AM,0.86,9:00 AM,0.85,Normal,,6.2
10-Dec-25,9:30 AM,Kelani Ganga (RB 01),Kelani Ganga,Glencourse,m,15,16.5,19,8:00 AM,9.85,9:00 AM,9.84,Normal,,9.5
10-Dec-25,9:30 AM,Kelani Ganga (RB 01),Kelani Ganga,Hanwella,m,7,8,10,8:00 AM,2.1,9:00 AM,2.08,Normal,,86.7
10-Dec-25,9:30 AM,Kelani Ganga (RB 01),Kelani Ganga,Kithulgala,m,3,4,6,8:00 AM,1.82,9:00 AM,1.58,Normal,,0.5
10-Dec-25,9:30 AM,Kelani Ganga (RB 01),Kelani Ganga,Nagalagam Street,ft,4,5,7,8:00 AM,2.3,9:00 AM,1.9,Normal,,
10-Dec-25,9:30 AM,Kelani Ganga (RB 01),Seethawaka Ganga,Deraniyagala,m,4.8,5.8,6.4,8:00 AM,0.63,9:00 AM,0.61,Normal,,2.3
10-Dec-25,9:30 AM,Kirindi Oya (RB 22),Kirindi Oya,Thanamalwila,m,4,5,5.5,8:00 AM,1.27,9:00 AM,1.27,Normal,,9.2
10-Dec-25,9:30 AM,Kirindi Oya (RB 22),Kirindi Oya,Wellawaya,m,4.4,5.4,5.9,8:00 AM,1.08,9:00 AM,1.08,Normal,,2
10-Dec-25,9:30 AM,Kirindi Oya (RB 22),Kuda Oya,Kuda Oya,m,6.9,8.4,8.8,8:00 AM,1.52,9:00 AM,1.51,Normal,,2.9
10-Dec-25,9:30 AM,Kumbukkan Oya (RB 31),Kumbukkan Oya,Nakkala,m,5,6,7.5,8:00 AM,1.2,9:00 AM,1.2,Normal,,4.6
10-Dec-25,9:30 AM,Maa Oya (RB 69),Mukunu Oya,Yaka Wewa,m,4,5,6,8:00 AM,1.68,9:00 AM,1.88,Normal,,48
10-Dec-25,9:30 AM,Maduru Oya (RB 54),Maduru Oya,Padiyathalawa,m,4,4.5,6,8:00 AM,1.3,9:00 AM,1.2,Normal,,45.1
10-Dec-25,9:30 AM,Maha Oya (RB 102),Maha Oya,Badalgama,m,5,6.2,9.6,8:00 AM,2.6,9:00 AM,2.6,Normal,,0
10-Dec-25,9:30 AM,Maha Oya (RB 102),Maha Oya,Giriulla,m,5.5,6.5,7.5,8:00 AM,1.36,9:00 AM,1.36,Normal,,0
10-Dec-25,9:30 AM,Mahaweli Ganga (RB 60),Badulu Oya,Thaldena,m,3,4,5,8:00 AM,0.75,9:00 AM,0.74,Normal,,8.3
10-Dec-25,9:30 AM,Mahaweli Ganga (RB 60),Mahaweli Ganga,Manampitiya,m,3,4.3,6,8:00 AM,2.6,9:00 AM,2.65,Normal,,
10-Dec-25,9:30 AM,Mahaweli Ganga (RB 60),Mahaweli Ganga,Nawalapitiya,m,3.5,5,6,8:00 AM,1.16,9:00 AM,1.16,Normal,,0.2
10-Dec-25,9:30 AM,Mahaweli Ganga (RB 60),Mahaweli Ganga,Peradeniya,m,5,7,9,8:00 AM,2.7,9:00 AM,2.63,Normal,,5.3
10-Dec-25,9:30 AM,Mahaweli Ganga (RB 60),Mahaweli Ganga,Weraganthota,m,5,6,8,8:00 AM,-1.33,9:00 AM,-1.39,Normal,,30.2
10-Dec-25,9:30 AM,Malwathu Oya (RB 90),Malwathu Oya,Thanthirimale,m,5,6.8,7.8,8:00 AM,3.4,9:00 AM,3.45,Normal,,5.6
10-Dec-25,9:30 AM,Mee Oya (RB 95),Mee Oya,Galgamuwa,m,4.84,5.94,8,8:00 AM,0.75,9:00 AM,0.76,Normal,,2.6
10-Dec-25,9:30 AM,Menik Ganga (RB 26),Menik Ganga,Katharagama,m,4,4.6,6.5,8:00 AM,0.38,9:00 AM,0.38,Normal,,0
10-Dec-25,9:30 AM,Nilwala Ganga (RB 12),Nilwala Ganga,Panadugama,m,5,6,7.5,8:00 AM,4.27,9:00 AM,4.18,Normal,,9.1
10-Dec-25,9:30 AM,Nilwala Ganga (RB 12),Nilwala Ganga,Pitabeddara,m,4,5,6.5,8:00 AM,1.71,9:00 AM,1.5,Normal,,0
10-Dec-25,9:30 AM,Nilwala Ganga (RB 12),Nilwala Ganga,Thalgahagoda,m,1.4,1.7,2.8,8:00 AM,1,9:00 AM,1.01,Normal,,0
10-Dec-25,9:30 AM,Nilwala Ganga (RB 12),Urubokka Ganga,Urawa,m,2.5,4,6,8:00 AM,0.68,9:00 AM,0.72,Normal,,77
10-Dec-25,9:30 AM,Walawe Ganga (RB 18),Walawe Ganga,Moraketiya,m,3,5,7,8:00 AM,1.01,9:00 AM,1.01,Normal,,0
10-Dec-25,9:30 AM,Yan Oya (RB 67),Yan Oya,Horowpothana,m,6,7.5,10.5,8:00 AM,4.59,9:00 AM,4.76,Normal,,40.8
19-Dec-25,3:30 PM,Attanagalu Oya (RB 103),Attanagalu Oya,Dunamale,m,3.3,4.4,5.5,2:00 PM,1.3,3:00 PM,1.3,Normal,,0
19-Dec-25,3:30 PM,Deduru Oya (RB 99),Deduru Oya,Moragaswewa,m,4.75,6,7,2:00 PM,1.58,3:00 PM,1.59,Normal,,0
19-Dec-25,3:30 PM,Gin Ganga (RB 09),Gin Ganga,Baddegama,m,3.5,4,5,2:00 PM,1.1,3:00 PM,1.1,Normal,,0
19-Dec-25,3:30 PM,Gin Ganga (RB 09),Gin Ganga,Thawalama,m,4,6,7.5,2:00 PM,1.26,3:00 PM,1.24,Normal,,0
19-Dec-25,3:30 PM,Heda Oya (RB 36),Heda Oya,Siyambalanduwa,m,4.5,6,7,2:00 PM,1.08,3:00 PM,1.07,Normal,,1
19-Dec-25,3:30 PM,Kalu Ganga (RB 03),Kalu Ganga,Ellagawa,m,10,10.7,12.2,2:00 PM,4.71,3:00 PM,4.7,Normal,,0
19-Dec-25,3:30 PM,Kalu Ganga (RB 03),Kalu Ganga,Putupaula,m,3,4,5,2:00 PM,0.7,3:00 PM,0.77,Normal,,0
19-Dec-25,3:30 PM,Kalu Ganga (RB 03),Kalu Ganga,Rathnapura,m,5.2,7.5,9.5,2:00 PM,1.12,3:00 PM,1.12,Normal,,0
19-Dec-25,3:30 PM,Kalu Ganga (RB 03),Kuda Ganga,Kalawellawa (Millakanda),m,5,6.5,8,2:00 PM,1.94,3:00 PM,1.93,Normal,,0
19-Dec-25,3:30 PM,Kalu Ganga (RB 03),Maguru Ganga,Magura,m,4,6,7.5,2:00 PM,1.28,3:00 PM,1.28,Normal,,0
19-Dec-25,3:30 PM,Kelani Ganga (RB 01),Gurugoda Oya,Holombuwa,m,3,3.4,5,2:00 PM,0.61,3:00 PM,0.61,Normal,,0
19-Dec-25,3:30 PM,Kelani Ganga (RB 01),Kehelgamu Oya,Norwood,m,1.5,3,4.5,2:00 PM,0.69,3:00 PM,0.69,Normal,,0
19-Dec-25,3:30 PM,Kelani Ganga (RB 01),Kelani Ganga,Glencourse,m,15,16.5,19,2:00 PM,9.12,3:00 PM,9.21,Normal,,0
19-Dec-25,3:30 PM,Kelani Ganga (RB 01),Kelani Ganga,Hanwella,m,7,8,10,2:00 PM,1,3:00 PM,0.97,Normal,,0
19-Dec-25,3:30 PM,Kelani Ganga (RB 01),Kelani Ganga,Kithulgala,m,3,4,6,2:00 PM,1.74,3:00 PM,1.51,Normal,,0
19-Dec-25,3:30 PM,Kelani Ganga (RB 01),Kelani Ganga,Nagalagam Street,ft,4,5,7,2:00 PM,2.3,3:00 PM,2.3,Normal,,
19-Dec-25,3:30 PM,Kelani Ganga (RB 01),Seethawaka Ganga,Deraniyagala,m,4.8,5.8,6.4,2:00 PM,0.45,3:00 PM,0.45,Normal,,0
19-Dec-25,3:30 PM,Kirindi Oya (RB 22),Kirindi Oya,Thanamalwila,m,4,5,5.5,2:00 PM,1.08,3:00 PM,1.08,Normal,,0
19-Dec-25,3:30 PM,Kirindi Oya (RB 22),Kirindi Oya,Wellawaya,m,4.4,5.4,5.9,2:00 PM,1.06,3:00 PM,1.06,Normal,,0
19-Dec-25,3:30 PM,Kirindi Oya (RB 22),Kuda Oya,Kuda Oya,m,6.9,8.4,8.8,2:00 PM,1.46,3:00 PM,1.45,Normal,,0
19-Dec-25,3:30 PM,Kumbukkan Oya (RB 31),Kumbukkan Oya,Nakkala,m,5,6,7.5,2:00 PM,1.62,3:00 PM,1.59,Normal,,2.5
19-Dec-25,3:30 PM,Maa Oya (RB 69),Mukunu Oya,Yaka Wewa,m,4,5,6,2:00 PM,1.01,3:00 PM,1.01,Normal,,0
19-Dec-25,3:30 PM,Maduru Oya (RB 54),Maduru Oya,Padiyathalawa,m,4,4.5,6,2:00 PM,2.8,3:00 PM,2.45,Normal,,8
19-Dec-25,3:30 PM,Maha Oya (RB 102),Maha Oya,Badalgama,m,5,6.2,9.6,2:00 PM,2.65,3:00 PM,2.65,Normal,,0
19-Dec-25,3:30 PM,Maha Oya (RB 102),Maha Oya,Giriulla,m,5.5,6.5,7.5,2:00 PM,1.39,3:00 PM,1.39,Normal,,0
19-Dec-25,3:30 PM,Mahaweli Ganga (RB 60),Badulu Oya,Thaldena,m,3,4,5,2:00 PM,1.02,3:00 PM,1.18,Normal,,40.7
19-Dec-25,3:30 PM,Mahaweli Ganga (RB 60),Mahaweli Ganga,Manampitiya,m,3,4.3,6,2:00 PM,4.61,3:00 PM,4.57,Minor Flood,Falling,0
19-Dec-25,3:30 PM,Mahaweli Ganga (RB 60),Mahaweli Ganga,Nawalapitiya,m,3.5,5,6,2:00 PM,0.95,3:00 PM,0.95,Normal,,0
19-Dec-25,3:30 PM,Mahaweli Ganga (RB 60),Mahaweli Ganga,Peradeniya,m,5,7,9,2:00 PM,2.63,3:00 PM,2.6,Normal,,0
19-Dec-25,3:30 PM,Mahaweli Ganga (RB 60),Mahaweli Ganga,Weraganthota,m,5,6,8,2:00 PM,0.7,3:00 PM,0.79,Normal,,2.3
19-Dec-25,3:30 PM,Malwathu Oya (RB 90),Malwathu Oya,Thanthirimale,m,5,6.8,7.8,2:00 PM,5.38,3:00 PM,5.4,Alert,Rising,0
19-Dec-25,3:30 PM,Mee Oya (RB 95),Mee Oya,Galgamuwa,m,4.84,5.94,8,2:00 PM,1.87,3:00 PM,1.87,Normal,,0
19-Dec-25,3:30 PM,Menik Ganga (RB 26),Menik Ganga,Katharagama,m,4,4.6,6.5,2:00 PM,0.16,3:00 PM,0.16,Normal,,4.2
19-Dec-25,3:30 PM,Nilwala Ganga (RB 12),Nilwala Ganga,Panadugama,m,5,6,7.5,2:00 PM,2.67,3:00 PM,2.67,Normal,,0
19-Dec-25,3:30 PM,Nilwala Ganga (RB 12),Nilwala Ganga,Pitabeddara,m,4,5,6.5,2:00 PM,0.71,3:00 PM,0.7,Normal,,0
19-Dec-25,3:30 PM,Nilwala Ganga (RB 12),Nilwala Ganga,Thalgahagoda,m,1.4,1.7,2.8,2:00 PM,0.54,3:00 PM,0.56,Normal,,0
19-Dec-25,3:30 PM,Nilwala Ganga (RB 12),Urubokka Ganga,Urawa,m,2.5,4,6,2:00 PM,0.47,3:00 PM,0.47,Normal,,0
19-Dec-25,3:30 PM,Walawe Ganga (RB 18),Walawe Ganga,Moraketiya,m,3,5,7,2:00 PM,0.94,3:00 PM,0.94,Normal,,0
19-Dec-25,3:30 PM,Yan Oya (RB 67),Yan Oya,Horowpothana,m,6,7.5,10.5,2:00 PM,6.25,3:00 PM,6.26,Alert,Rising,0
22-Feb-26,6:30 AM,Attanagalu Oya (RB 103),Attanagalu Oya,Dunamale,m,3.3,4.4,5.5,5:00 AM,1.5,6:00 AM,1.5,Normal,,18
22-Feb-26,6:30 AM,Deduru Oya (RB 99),Deduru Oya,Moragaswewa,m,4.75,6,7,5:00 AM,0.07,6:00 AM,0.07,Normal,,5.1
22-Feb-26,6:30 AM,Gin Ganga (RB 09),Gin Ganga,Baddegama,m,3.5,4,5,5:00 AM,2,6:00 AM,2.25,Normal,,9.9
22-Feb-26,6:30 AM,Gin Ganga (RB 09),Gin Ganga,Thawalama,m,4,6,7.5,5:00 AM,3.35,6:00 AM,3.22,Normal,,43.5
22-Feb-26,6:30 AM,Heda Oya (RB 36),Heda Oya,Siyambalanduwa,m,4.5,6,7,5:00 AM,0.97,6:00 AM,0.95,Normal,,2.1
22-Feb-26,6:30 AM,Kalu Ganga (RB 03),Kalu Ganga,Ellagawa,m,10,10.7,12.2,5:00 AM,7.4,6:00 AM,7.47,Normal,,42.4
22-Feb-26,6:30 AM,Kalu Ganga (RB 03),Kalu Ganga,Putupaula,m,3,4,5,5:00 AM,1,6:00 AM,1.26,Normal,,16.5
22-Feb-26,6:30 AM,Kalu Ganga (RB 03),Kalu Ganga,Rathnapura,m,5.2,7.5,9.5,5:00 AM,4.75,6:00 AM,4.65,Normal,,84.9
22-Feb-26,6:30 AM,Kalu Ganga (RB 03),Kuda Ganga,Kalawellawa (Millakanda),m,5,6.5,8,5:00 AM,3.71,6:00 AM,4.26,Normal,,68
22-Feb-26,6:30 AM,Kalu Ganga (RB 03),Maguru Ganga,Magura,m,4,6,7.5,5:00 AM,3.1,6:00 AM,3.46,Normal,,30.7
22-Feb-26,6:30 AM,Kelani Ganga (RB 01),Gurugoda Oya,Holombuwa,m,3,3.4,5,5:00 AM,1.1,6:00 AM,1.05,Normal,,21.7
22-Feb-26,6:30 AM,Kelani Ganga (RB 01),Kehelgamu Oya,Norwood,m,1.5,3,4.5,5:00 AM,1.16,6:00 AM,1.1,Normal,,31.1
22-Feb-26,6:30 AM,Kelani Ganga (RB 01),Kelani Ganga,Glencourse,m,15,16.5,19,5:00 AM,11.43,6:00 AM,11.24,Normal,,82.3
22-Feb-26,6:30 AM,Kelani Ganga (RB 01),Kelani Ganga,Hanwella,m,7,8,10,5:00 AM,2.51,6:00 AM,2.95,Normal,,9.9
22-Feb-26,6:30 AM,Kelani Ganga (RB 01),Kelani Ganga,Kithulgala,m,3,4,6,5:00 AM,1.58,6:00 AM,1.58,Normal,,112.9
22-Feb-26,6:30 AM,Kelani Ganga (RB 01),Kelani Ganga,Nagalagam Street,ft,4,5,7,5:00 AM,2.5,6:00 AM,2.2,Normal,,
22-Feb-26,6:30 AM,Kelani Ganga (RB 01),Seethawaka Ganga,Deraniyagala,m,4.8,5.8,6.4,5:00 AM,1.1,6:00 AM,1.06,Normal,,163.2
22-Feb-26,6:30 AM,Kirindi Oya (RB 22),Kirindi Oya,Thanamalwila,m,4,5,5.5,5:00 AM,2.95,6:00 AM,3.2,Normal,,8.8
22-Feb-26,6:30 AM,Kirindi Oya (RB 22),Kirindi Oya,Wellawaya,m,4.4,5.4,5.9,5:00 AM,1.52,6:00 AM,1.42,Normal,,73.7
22-Feb-26,6:30 AM,Kirindi Oya (RB 22),Kuda Oya,Kuda Oya,m,6.9,8.4,8.8,5:00 AM,2.87,6:00 AM,2.43,Normal,,11.1
22-Feb-26,6:30 AM,Kumbukkan Oya (RB 31),Kumbukkan Oya,Nakkala,m,5,6,7.5,5:00 AM,1.66,6:00 AM,1.62,Normal,,37.9
22-Feb-26,6:30 AM,Maa Oya (RB 69),Mukunu Oya,Yaka Wewa,m,4,5,6,5:00 AM,0.71,6:00 AM,0.71,Normal,,0
22-Feb-26,6:30 AM,Maduru Oya (RB 54),Maduru Oya,Padiyathalawa,m,4,4.5,6,5:00 AM,1.57,6:00 AM,1.55,Normal,,7.5
22-Feb-26,6:30 AM,Maha Oya (RB 102),Maha Oya,Badalgama,m,5,6.2,9.6,5:00 AM,1.8,6:00 AM,1.8,Normal,,8.3
22-Feb-26,6:30 AM,Maha Oya (RB 102),Maha Oya,Giriulla,m,5.5,6.5,7.5,5:00 AM,0.73,6:00 AM,2.63,Normal,,13.3
22-Feb-26,6:30 AM,Mahaweli Ganga (RB 60),Badulu Oya,Thaldena,m,3,4,5,5:00 AM,0.92,6:00 AM,0.95,Normal,,11.6
22-Feb-26,6:30 AM,Mahaweli Ganga (RB 60),Mahaweli Ganga,Manampitiya,m,3,4.3,6,5:00 AM,4.3,6:00 AM,4.4,Minor Flood,Rising,39.4
22-Feb-26,6:30 AM,Mahaweli Ganga (RB 60),Mahaweli Ganga,Nawalapitiya,m,3.5,5,6,5:00 AM,1.38,6:00 AM,1.34,Normal,,95.9
22-Feb-26,6:30 AM,Mahaweli Ganga (RB 60),Mahaweli Ganga,Peradeniya,m,5,7,9,5:00 AM,2.73,6:00 AM,2.1,Normal,,213.2
22-Feb-26,6:30 AM,Mahaweli Ganga (RB 60),Mahaweli Ganga,Weraganthota,m,5,6,8,5:00 AM,-,6:00 AM,-1.86,Normal,,68.8
22-Feb-26,6:30 AM,Malwathu Oya (RB 90),Malwathu Oya,Thanthirimale,m,5,6.8,7.8,5:00 AM,-,6:00 AM,-,,,61.4
22-Feb-26,6:30 AM,Mee Oya (RB 95),Mee Oya,Galgamuwa,m,4.84,5.94,8,5:00 AM,-,6:00 AM,-,,,4.5
22-Feb-26,6:30 AM,Menik Ganga (RB 26),Menik Ganga,Katharagama,m,4,4.6,6.5,5:00 AM,-0.05,6:00 AM,-0.05,Normal,,11.6
22-Feb-26,6:30 AM,Nilwala Ganga (RB 12),Nilwala Ganga,Panadugama,m,5,6,7.5,5:00 AM,4.31,6:00 AM,4.33,Normal,,13.7
22-Feb-26,6:30 AM,Nilwala Ganga (RB 12),Nilwala Ganga,Pitabeddara,m,4,5,6.5,5:00 AM,2.48,6:00 AM,2.18,Normal,,48.6
22-Feb-26,6:30 AM,Nilwala Ganga (RB 12),Nilwala Ganga,Thalgahagoda,m,1.4,1.7,2.8,5:00 AM,0.84,6:00 AM,0.84,Normal,,3.6
22-Feb-26,6:30 AM,Nilwala Ganga (RB 12),Urubokka Ganga,Urawa,m,2.5,4,6,5:00 AM,1.8,6:00 AM,1.1,Normal,,98.8
22-Feb-26,6:30 AM,Walawe Ganga (RB 18),Walawe Ganga,Moraketiya,m,3,5,7,5:00 AM,1.28,6:00 AM,1.3,Normal,,58.7
22-Feb-26,6:30 AM,Yan Oya (RB 67),Yan Oya,Horowpothana,m,6,7.5,10.5,5:00 AM,1.68,6:00 AM,1.7,Normal,,4.3
8-Apr-26,9:30 AM,Attanagalu Oya (RB 103),Attanagalu Oya,Dunamale,m,3.3,4.4,5.5,8:00 AM,0.52,9:00 AM,0.52,Normal,,0
8-Apr-26,9:30 AM,Deduru Oya (RB 99),Deduru Oya,Moragaswewa,m,4.75,6,7,8:00 AM,0.01,9:00 AM,0.01,Normal,,0
8-Apr-26,9:30 AM,Gin Ganga (RB 09),Gin Ganga,Baddegama,m,3.5,4,5,8:00 AM,1.1,9:00 AM,1.1,Normal,,0
8-Apr-26,9:30 AM,Gin Ganga (RB 09),Gin Ganga,Thawalama,m,4,6,7.5,8:00 AM,0.93,9:00 AM,0.89,Normal,,0
8-Apr-26,9:30 AM,Heda Oya (RB 36),Heda Oya,Siyambalanduwa,m,4.5,6,7,8:00 AM,0.48,9:00 AM,0.48,Normal,,0
8-Apr-26,9:30 AM,Kalu Ganga (RB 03),Kalu Ganga,Ellagawa,m,10,10.7,12.2,8:00 AM,3.91,9:00 AM,3.9,Normal,,0
8-Apr-26,9:30 AM,Kalu Ganga (RB 03),Kalu Ganga,Putupaula,m,3,4,5,8:00 AM,0.46,9:00 AM,0.33,Normal,,0
8-Apr-26,9:30 AM,Kalu Ganga (RB 03),Kalu Ganga,Rathnapura,m,5.2,7.5,9.5,8:00 AM,0.67,9:00 AM,0.73,Normal,,0
8-Apr-26,9:30 AM,Kalu Ganga (RB 03),Kuda Ganga,Kalawellawa (Millakanda),m,5,6.5,8,8:00 AM,1.45,9:00 AM,1.42,Normal,,0
8-Apr-26,9:30 AM,Kalu Ganga (RB 03),Maguru Ganga,Magura,m,4,6,7.5,8:00 AM,0.62,9:00 AM,0.61,Normal,,0
8-Apr-26,9:30 AM,Kelani Ganga (RB 01),Gurugoda Oya,Holombuwa,m,3,3.4,5,8:00 AM,0.3,9:00 AM,0.3,Normal,,0
8-Apr-26,9:30 AM,Kelani Ganga (RB 01),Kehelgamu Oya,Norwood,m,1.5,3,4.5,8:00 AM,0.46,9:00 AM,0.5,Normal,,0
8-Apr-26,9:30 AM,Kelani Ganga (RB 01),Kelani Ganga,Glencourse,m,15,16.5,19,8:00 AM,8.63,9:00 AM,8.62,Normal,,0
8-Apr-26,9:30 AM,Kelani Ganga (RB 01),Kelani Ganga,Hanwella,m,7,8,10,8:00 AM,0.34,9:00 AM,0.36,Normal,,0
8-Apr-26,9:30 AM,Kelani Ganga (RB 01),Kelani Ganga,Kithulgala,m,3,4,6,8:00 AM,1.53,9:00 AM,1.18,Normal,,0
8-Apr-26,9:30 AM,Kelani Ganga (RB 01),Kelani Ganga,Nagalagam Street,ft,4,5,7,8:00 AM,1,9:00 AM,0.8,Normal,,
8-Apr-26,9:30 AM,Kelani Ganga (RB 01),Seethawaka Ganga,Deraniyagala,m,4.8,5.8,6.4,8:00 AM,0.29,9:00 AM,0.23,Normal,,0
8-Apr-26,9:30 AM,Kirindi Oya (RB 22),Kirindi Oya,Thanamalwila,m,4,5,5.5,8:00 AM,0.35,9:00 AM,0.35,Normal,,0
8-Apr-26,9:30 AM,Kirindi Oya (RB 22),Kirindi Oya,Wellawaya,m,4.4,5.4,5.9,8:00 AM,0.68,9:00 AM,0.68,Normal,,6.3
8-Apr-26,9:30 AM,Kirindi Oya (RB 22),Kuda Oya,Kuda Oya,m,6.9,8.4,8.8,8:00 AM,1.14,9:00 AM,1.12,Normal,,0
8-Apr-26,9:30 AM,Kumbukkan Oya (RB 31),Kumbukkan Oya,Nakkala,m,5,6,7.5,8:00 AM,0.68,9:00 AM,0.68,Normal,,0
8-Apr-26,9:30 AM,Maa Oya (RB 69),Mukunu Oya,Yaka Wewa,m,4,5,6,8:00 AM,0.57,9:00 AM,0.57,Normal,,3
8-Apr-26,9:30 AM,Maduru Oya (RB 54),Maduru Oya,Padiyathalawa,m,4,4.5,6,8:00 AM,0.23,9:00 AM,0.23,Normal,,0
8-Apr-26,9:30 AM,Maha Oya (RB 102),Maha Oya,Badalgama,m,5,6.2,9.6,8:00 AM,1.97,9:00 AM,1.96,Normal,,0
8-Apr-26,9:30 AM,Maha Oya (RB 102),Maha Oya,Giriulla,m,5.5,6.5,7.5,8:00 AM,0.87,9:00 AM,0.87,Normal,,0
8-Apr-26,9:30 AM,Mahaweli Ganga (RB 60),Badulu Oya,Thaldena,m,3,4,5,8:00 AM,0.32,9:00 AM,0.28,Normal,,0
8-Apr-26,9:30 AM,Mahaweli Ganga (RB 60),Mahaweli Ganga,Manampitiya,m,3,4.3,6,8:00 AM,0.41,9:00 AM,0.36,Normal,,0
8-Apr-26,9:30 AM,Mahaweli Ganga (RB 60),Mahaweli Ganga,Nawalapitiya,m,3.5,5,6,8:00 AM,0.47,9:00 AM,0.46,Normal,,0
8-Apr-26,9:30 AM,Mahaweli Ganga (RB 60),Mahaweli Ganga,Peradeniya,m,5,7,9,8:00 AM,1.1,9:00 AM,1.06,Normal,,0
8-Apr-26,9:30 AM,Mahaweli Ganga (RB 60),Mahaweli Ganga,Weraganthota,m,5,6,8,8:00 AM,-2.14,9:00 AM,-2.08,Normal,,0
8-Apr-26,9:30 AM,Malwathu Oya (RB 90),Malwathu Oya,Thanthirimale,m,5,6.8,7.8,8:00 AM,1.45,9:00 AM,1.44,Normal,,0
8-Apr-26,9:30 AM,Mee Oya (RB 95),Mee Oya,Galgamuwa,m,4.84,5.94,8,8:00 AM,0.28,9:00 AM,0.26,Normal,,0
8-Apr-26,9:30 AM,Menik Ganga (RB 26),Menik Ganga,Katharagama,m,4,4.6,6.5,8:00 AM,-0.11,9:00 AM,-0.12,Normal,,0
8-Apr-26,9:30 AM,Nilwala Ganga (RB 12),Nilwala Ganga,Panadugama,m,5,6,7.5,8:00 AM,1.79,9:00 AM,1.79,Normal,,0
8-Apr-26,9:30 AM,Nilwala Ganga (RB 12),Nilwala Ganga,Pitabeddara,m,4,5,6.5,8:00 AM,0.14,9:00 AM,0.14,Normal,,0
8-Apr-26,9:30 AM,Nilwala Ganga (RB 12),Nilwala Ganga,Thalgahagoda,m,1.4,1.7,2.8,8:00 AM,0.2,9:00 AM,0.19,Normal,,0
8-Apr-26,9:30 AM,Nilwala Ganga (RB 12),Urubokka Ganga,Urawa,m,2.5,4,6,8:00 AM,-0.12,9:00 AM,-0.12,Normal,,0
8-Apr-26,9:30 AM,Walawe Ganga (RB 18),Walawe Ganga,Moraketiya,m,3,5,7,8:00 AM,0.9,9:00 AM,0.9,Normal,,0
8-Apr-26,9:30 AM,Yan Oya (RB 67),Yan Oya,Horowpothana,m,6,7.5,10.5,8:00 AM,1.3,9:00 AM,1.3,Normal,,0
9-Apr-26,9:30 AM,Attanagalu Oya (RB 103),Attanagalu Oya,Dunamale,m,3.3,4.4,5.5,8:00 AM,0.45,9:00 AM,0.45,Normal,,0
9-Apr-26,9:30 AM,Deduru Oya (RB 99),Deduru Oya,Moragaswewa,m,4.75,6,7,8:00 AM,0.02,9:00 AM,0.02,Normal,,0
9-Apr-26,9:30 AM,Gin Ganga (RB 09),Gin Ganga,Baddegama,m,3.5,4,5,8:00 AM,1.15,9:00 AM,1.17,Normal,,0
9-Apr-26,9:30 AM,Gin Ganga (RB 09),Gin Ganga,Thawalama,m,4,6,7.5,8:00 AM,1.4,9:00 AM,1.35,Normal,,19.9
9-Apr-26,9:30 AM,Heda Oya (RB 36),Heda Oya,Siyambalanduwa,m,4.5,6,7,8:00 AM,0.47,9:00 AM,0.47,Normal,,0
9-Apr-26,9:30 AM,Kalu Ganga (RB 03),Kalu Ganga,Ellagawa,m,10,10.7,12.2,8:00 AM,3.95,9:00 AM,3.97,Normal,,1.1
9-Apr-26,9:30 AM,Kalu Ganga (RB 03),Kalu Ganga,Putupaula,m,3,4,5,8:00 AM,0.4,9:00 AM,0.3,Normal,,0
9-Apr-26,9:30 AM,Kalu Ganga (RB 03),Kalu Ganga,Rathnapura,m,5.2,7.5,9.5,8:00 AM,0.74,9:00 AM,0.7,Normal,,0.6
9-Apr-26,9:30 AM,Kalu Ganga (RB 03),Kuda Ganga,Kalawellawa (Millakanda),m,5,6.5,8,8:00 AM,1.47,9:00 AM,1.43,Normal,,0
9-Apr-26,9:30 AM,Kalu Ganga (RB 03),Maguru Ganga,Magura,m,4,6,7.5,8:00 AM,1.04,9:00 AM,1.01,Normal,,0
9-Apr-26,9:30 AM,Kelani Ganga (RB 01),Gurugoda Oya,Holombuwa,m,3,3.4,5,8:00 AM,0.29,9:00 AM,0.29,Normal,,12.9
9-Apr-26,9:30 AM,Kelani Ganga (RB 01),Kehelgamu Oya,Norwood,m,1.5,3,4.5,8:00 AM,0.43,9:00 AM,0.41,Normal,,0
9-Apr-26,9:30 AM,Kelani Ganga (RB 01),Kelani Ganga,Glencourse,m,15,16.5,19,8:00 AM,8.8,9:00 AM,8.77,Normal,,5.6
9-Apr-26,9:30 AM,Kelani Ganga (RB 01),Kelani Ganga,Hanwella,m,7,8,10,8:00 AM,0.5,9:00 AM,0.55,Normal,,2.5
9-Apr-26,9:30 AM,Kelani Ganga (RB 01),Kelani Ganga,Kithulgala,m,3,4,6,8:00 AM,1.53,9:00 AM,1.45,Normal,,29.5
9-Apr-26,9:30 AM,Kelani Ganga (RB 01),Kelani Ganga,Nagalagam Street,ft,4,5,7,8:00 AM,1.2,9:00 AM,0.9,Normal,,
9-Apr-26,9:30 AM,Kelani Ganga (RB 01),Seethawaka Ganga,Deraniyagala,m,4.8,5.8,6.4,8:00 AM,0.31,9:00 AM,0.21,Normal,,49.5
9-Apr-26,9:30 AM,Kirindi Oya (RB 22),Kirindi Oya,Thanamalwila,m,4,5,5.5,8:00 AM,0.32,9:00 AM,0.31,Normal,,0
9-Apr-26,9:30 AM,Kirindi Oya (RB 22),Kirindi Oya,Wellawaya,m,4.4,5.4,5.9,8:00 AM,0.68,9:00 AM,0.68,Normal,,0
9-Apr-26,9:30 AM,Kirindi Oya (RB 22),Kuda Oya,Kuda Oya,m,6.9,8.4,8.8,8:00 AM,1.14,9:00 AM,1.14,Normal,,2.6
9-Apr-26,9:30 AM,Kumbukkan Oya (RB 31),Kumbukkan Oya,Nakkala,m,5,6,7.5,8:00 AM,0.66,9:00 AM,0.66,Normal,,0
9-Apr-26,9:30 AM,Maa Oya (RB 69),Mukunu Oya,Yaka Wewa,m,4,5,6,8:00 AM,0.57,9:00 AM,0.56,Normal,,0
9-Apr-26,9:30 AM,Maduru Oya (RB 54),Maduru Oya,Padiyathalawa,m,4,4.5,6,8:00 AM,0.23,9:00 AM,0.23,Normal,,0
9-Apr-26,9:30 AM,Maha Oya (RB 102),Maha Oya,Badalgama,m,5,6.2,9.6,8:00 AM,1.86,9:00 AM,1.85,Normal,,0
9-Apr-26,9:30 AM,Maha Oya (RB 102),Maha Oya,Giriulla,m,5.5,6.5,7.5,8:00 AM,0.88,9:00 AM,0.87,Normal,,0
9-Apr-26,9:30 AM,Mahaweli Ganga (RB 60),Badulu Oya,Thaldena,m,3,4,5,8:00 AM,0.28,9:00 AM,0.28,Normal,,0
9-Apr-26,9:30 AM,Mahaweli Ganga (RB 60),Mahaweli Ganga,Manampitiya,m,3,4.3,6,8:00 AM,0.32,9:00 AM,0.28,Normal,,0
9-Apr-26,9:30 AM,Mahaweli Ganga (RB 60),Mahaweli Ganga,Nawalapitiya,m,3.5,5,6,8:00 AM,0.56,9:00 AM,0.55,Normal,,14
9-Apr-26,9:30 AM,Mahaweli Ganga (RB 60),Mahaweli Ganga,Peradeniya,m,5,7,9,8:00 AM,1.09,9:00 AM,1.08,Normal,,19.3
9-Apr-26,9:30 AM,Mahaweli Ganga (RB 60),Mahaweli Ganga,Weraganthota,m,5,6,8,8:00 AM,-2.23,9:00 AM,-2.16,Normal,,0
9-Apr-26,9:30 AM,Malwathu Oya (RB 90),Malwathu Oya,Thanthirimale,m,5,6.8,7.8,8:00 AM,1.4,9:00 AM,1.39,Normal,,2.2
9-Apr-26,9:30 AM,Mee Oya (RB 95),Mee Oya,Galgamuwa,m,4.84,5.94,8,8:00 AM,0.22,9:00 AM,0.21,Normal,,0
9-Apr-26,9:30 AM,Menik Ganga (RB 26),Menik Ganga,Katharagama,m,4,4.6,6.5,8:00 AM,-0.14,9:00 AM,-0.14,Normal,,0
9-Apr-26,9:30 AM,Nilwala Ganga (RB 12),Nilwala Ganga,Panadugama,m,5,6,7.5,8:00 AM,1.78,9:00 AM,1.8,Normal,,0
9-Apr-26,9:30 AM,Nilwala Ganga (RB 12),Nilwala Ganga,Pitabeddara,m,4,5,6.5,8:00 AM,0.18,9:00 AM,0.18,Normal,,1
9-Apr-26,9:30 AM,Nilwala Ganga (RB 12),Nilwala Ganga,Thalgahagoda,m,1.4,1.7,2.8,8:00 AM,0.25,9:00 AM,0.24,Normal,,0
9-Apr-26,9:30 AM,Nilwala Ganga (RB 12),Urubokka Ganga,Urawa,m,2.5,4,6,8:00 AM,-0.05,9:00 AM,-0.05,Normal,,10.5
9-Apr-26,9:30 AM,Walawe Ganga (RB 18),Walawe Ganga,Moraketiya,m,3,5,7,8:00 AM,1.01,9:00 AM,1,Normal,,2.4
9-Apr-26,9:30 AM,Yan Oya (RB 67),Yan Oya,Horowpothana,m,6,7.5,10.5,8:00 AM,1.29,9:00 AM,1.3,Normal,,0
15-Apr-26,9:30 AM,Attanagalu Oya (RB 103),Attanagalu Oya,Dunamale,m,3.3,4.4,5.5,8:00 AM,0.72,9:00 AM,0.72,Normal,,21.5
15-Apr-26,9:30 AM,Deduru Oya (RB 99),Deduru Oya,Moragaswewa,m,4.75,6,7,8:00 AM,0.4,9:00 AM,0.38,Normal,,0
15-Apr-26,9:30 AM,Gin Ganga (RB 09),Gin Ganga,Baddegama,m,3.5,4,5,8:00 AM,1.4,9:00 AM,1.37,Normal,,0
15-Apr-26,9:30 AM,Gin Ganga (RB 09),Gin Ganga,Thawalama,m,4,6,7.5,8:00 AM,1.23,9:00 AM,1.22,Normal,,0
15-Apr-26,9:30 AM,Heda Oya (RB 36),Heda Oya,Siyambalanduwa,m,4.5,6,7,8:00 AM,0.46,9:00 AM,0.46,Normal,,0.8
15-Apr-26,9:30 AM,Kalu Ganga (RB 03),Kalu Ganga,Ellagawa,m,10,10.7,12.2,8:00 AM,4.27,9:00 AM,4.27,Normal,,4.7
15-Apr-26,9:30 AM,Kalu Ganga (RB 03),Kalu Ganga,Putupaula,m,3,4,5,8:00 AM,0.41,9:00 AM,0.36,Normal,,0.8
15-Apr-26,9:30 AM,Kalu Ganga (RB 03),Kalu Ganga,Rathnapura,m,5.2,7.5,9.5,8:00 AM,1.06,9:00 AM,1.03,Normal,,2
15-Apr-26,9:30 AM,Kalu Ganga (RB 03),Kuda Ganga,Kalawellawa (Millakanda),m,5,6.5,8,8:00 AM,1.8,9:00 AM,1.75,Normal,,26.7
15-Apr-26,9:30 AM,Kalu Ganga (RB 03),Maguru Ganga,Magura,m,4,6,7.5,8:00 AM,1.3,9:00 AM,1.29,Normal,,0
15-Apr-26,9:30 AM,Kelani Ganga (RB 01),Gurugoda Oya,Holombuwa,m,3,3.4,5,8:00 AM,0.33,9:00 AM,0.31,Normal,,5.6
15-Apr-26,9:30 AM,Kelani Ganga (RB 01),Kehelgamu Oya,Norwood,m,1.5,3,4.5,8:00 AM,0.55,9:00 AM,0.55,Normal,,26.1
15-Apr-26,9:30 AM,Kelani Ganga (RB 01),Kelani Ganga,Glencourse,m,15,16.5,19,8:00 AM,8.72,9:00 AM,8.71,Normal,,0
15-Apr-26,9:30 AM,Kelani Ganga (RB 01),Kelani Ganga,Hanwella,m,7,8,10,8:00 AM,0.44,9:00 AM,0.47,Normal,,8.4
15-Apr-26,9:30 AM,Kelani Ganga (RB 01),Kelani Ganga,Kithulgala,m,3,4,6,8:00 AM,1.56,9:00 AM,1.32,Normal,,0
15-Apr-26,9:30 AM,Kelani Ganga (RB 01),Kelani Ganga,Nagalagam Street,ft,4,5,7,8:00 AM,1,9:00 AM,0.9,Normal,,
15-Apr-26,9:30 AM,Kelani Ganga (RB 01),Seethawaka Ganga,Deraniyagala,m,4.8,5.8,6.4,8:00 AM,0.13,9:00 AM,0.13,Normal,,0.8
15-Apr-26,9:30 AM,Kirindi Oya (RB 22),Kirindi Oya,Thanamalwila,m,4,5,5.5,8:00 AM,1.32,9:00 AM,1.3,Normal,,0
15-Apr-26,9:30 AM,Kirindi Oya (RB 22),Kirindi Oya,Wellawaya,m,4.4,5.4,5.9,8:00 AM,0.98,9:00 AM,0.98,Normal,,0
15-Apr-26,9:30 AM,Kirindi Oya (RB 22),Kuda Oya,Kuda Oya,m,6.9,8.4,8.8,8:00 AM,1.55,9:00 AM,1.51,Normal,,0
15-Apr-26,9:30 AM,Kumbukkan Oya (RB 31),Kumbukkan Oya,Nakkala,m,5,6,7.5,8:00 AM,0.68,9:00 AM,0.68,Normal,,0
15-Apr-26,9:30 AM,Maa Oya (RB 69),Mukunu Oya,Yaka Wewa,m,4,5,6,8:00 AM,0.56,9:00 AM,0.56,Normal,,0
15-Apr-26,9:30 AM,Maduru Oya (RB 54),Maduru Oya,Padiyathalawa,m,4,4.5,6,8:00 AM,0.22,9:00 AM,0.22,Normal,,0
15-Apr-26,9:30 AM,Maha Oya (RB 102),Maha Oya,Badalgama,m,5,6.2,9.6,8:00 AM,1.95,9:00 AM,1.94,Normal,,0.5
15-Apr-26,9:30 AM,Maha Oya (RB 102),Maha Oya,Giriulla,m,5.5,6.5,7.5,8:00 AM,0.89,9:00 AM,0.89,Normal,,0
15-Apr-26,9:30 AM,Mahaweli Ganga (RB 60),Badulu Oya,Thaldena,m,3,4,5,8:00 AM,0.4,9:00 AM,0.39,Normal,,0
15-Apr-26,9:30 AM,Mahaweli Ganga (RB 60),Mahaweli Ganga,Manampitiya,m,3,4.3,6,8:00 AM,0.21,9:00 AM,0.19,Normal,,18
15-Apr-26,9:30 AM,Mahaweli Ganga (RB 60),Mahaweli Ganga,Nawalapitiya,m,3.5,5,6,8:00 AM,0.77,9:00 AM,0.76,Normal,,6.5
15-Apr-26,9:30 AM,Mahaweli Ganga (RB 60),Mahaweli Ganga,Peradeniya,m,5,7,9,8:00 AM,1.06,9:00 AM,1.04,Normal,,0
15-Apr-26,9:30 AM,Mahaweli Ganga (RB 60),Mahaweli Ganga,Weraganthota,m,5,6,8,8:00 AM,-2.8,9:00 AM,-2.72,Normal,,0
15-Apr-26,9:30 AM,Malwathu Oya (RB 90),Malwathu Oya,Thanthirimale,m,5,6.8,7.8,8:00 AM,2.78,9:00 AM,2.74,Normal,,0
15-Apr-26,9:30 AM,Mee Oya (RB 95),Mee Oya,Galgamuwa,m,4.84,5.94,8,8:00 AM,0.14,9:00 AM,0.13,Normal,,1.9
15-Apr-26,9:30 AM,Menik Ganga (RB 26),Menik Ganga,Katharagama,m,4,4.6,6.5,8:00 AM,-0.01,9:00 AM,-0.01,Normal,,0
15-Apr-26,9:30 AM,Nilwala Ganga (RB 12),Nilwala Ganga,Panadugama,m,5,6,7.5,8:00 AM,2.09,9:00 AM,2.1,Normal,,0
15-Apr-26,9:30 AM,Nilwala Ganga (RB 12),Nilwala Ganga,Pitabeddara,m,4,5,6.5,8:00 AM,0.21,9:00 AM,0.25,Normal,,7.7
15-Apr-26,9:30 AM,Nilwala Ganga (RB 12),Nilwala Ganga,Thalgahagoda,m,1.4,1.7,2.8,8:00 AM,0.38,9:00 AM,0.34,Normal,,0
15-Apr-26,9:30 AM,Nilwala Ganga (RB 12),Urubokka Ganga,Urawa,m,2.5,4,6,8:00 AM,0,9:00 AM,0.06,Normal,,6.7
15-Apr-26,9:30 AM,Walawe Ganga (RB 18),Walawe Ganga,Moraketiya,m,3,5,7,8:00 AM,0.96,9:00 AM,0.96,Normal,,0
15-Apr-26,9:30 AM,Yan Oya (RB 67),Yan Oya,Horowpothana,m,6,7.5,10.5,8:00 AM,1.53,9:00 AM,1.53,Normal,,0
16-Apr-26,9:30 AM,Attanagalu Oya (RB 103),Attanagalu Oya,Dunamale,m,3.3,4.4,5.5,8:00 AM,0.56,9:00 AM,0.56,Normal,,0
16-Apr-26,9:30 AM,Deduru Oya (RB 99),Deduru Oya,Moragaswewa,m,4.75,6,7,8:00 AM,0.21,9:00 AM,0.21,Normal,,0
16-Apr-26,9:30 AM,Gin Ganga (RB 09),Gin Ganga,Baddegama,m,3.5,4,5,8:00 AM,1.19,9:00 AM,1.17,Normal,,2.9
16-Apr-26,9:30 AM,Gin Ganga (RB 09),Gin Ganga,Thawalama,m,4,6,7.5,8:00 AM,1.36,9:00 AM,1.32,Normal,,9.8
16-Apr-26,9:30 AM,Heda Oya (RB 36),Heda Oya,Siyambalanduwa,m,4.5,6,7,8:00 AM,0.44,9:00 AM,0.44,Normal,,0
16-Apr-26,9:30 AM,Kalu Ganga (RB 03),Kalu Ganga,Ellagawa,m,10,10.7,12.2,8:00 AM,4.5,9:00 AM,4.5,Normal,,4.5
16-Apr-26,9:30 AM,Kalu Ganga (RB 03),Kalu Ganga,Putupaula,m,3,4,5,8:00 AM,0.32,9:00 AM,0.3,Normal,,3.7
16-Apr-26,9:30 AM,Kalu Ganga (RB 03),Kalu Ganga,Rathnapura,m,5.2,7.5,9.5,8:00 AM,1.66,9:00 AM,1.63,Normal,,19.9
16-Apr-26,9:30 AM,Kalu Ganga (RB 03),Kuda Ganga,Kalawellawa (Millakanda),m,5,6.5,8,8:00 AM,2.01,9:00 AM,1.94,Normal,,6
16-Apr-26,9:30 AM,Kalu Ganga (RB 03),Maguru Ganga,Magura,m,4,6,7.5,8:00 AM,1.23,9:00 AM,1.23,Normal,,15.8
16-Apr-26,9:30 AM,Kelani Ganga (RB 01),Gurugoda Oya,Holombuwa,m,3,3.4,5,8:00 AM,0.3,9:00 AM,0.33,Normal,,2.2
16-Apr-26,9:30 AM,Kelani Ganga (RB 01),Kehelgamu Oya,Norwood,m,1.5,3,4.5,8:00 AM,0.5,9:00 AM,0.5,Normal,,17.5
16-Apr-26,9:30 AM,Kelani Ganga (RB 01),Kelani Ganga,Glencourse,m,15,16.5,19,8:00 AM,9.21,9:00 AM,9.13,Normal,,20.1
16-Apr-26,9:30 AM,Kelani Ganga (RB 01),Kelani Ganga,Hanwella,m,7,8,10,8:00 AM,0.86,9:00 AM,0.89,Normal,,0.5
16-Apr-26,9:30 AM,Kelani Ganga (RB 01),Kelani Ganga,Kithulgala,m,3,4,6,8:00 AM,1.11,9:00 AM,1.1,Normal,,44.3
16-Apr-26,9:30 AM,Kelani Ganga (RB 01),Kelani Ganga,Nagalagam Street,ft,4,5,7,8:00 AM,0.7,9:00 AM,1,Normal,,
16-Apr-26,9:30 AM,Kelani Ganga (RB 01),Seethawaka Ganga,Deraniyagala,m,4.8,5.8,6.4,8:00 AM,0.42,9:00 AM,0.4,Normal,,18.5
16-Apr-26,9:30 AM,Kirindi Oya (RB 22),Kirindi Oya,Thanamalwila,m,4,5,5.5,8:00 AM,1.93,9:00 AM,1.75,Normal,,0
16-Apr-26,9:30 AM,Kirindi Oya (RB 22),Kirindi Oya,Wellawaya,m,4.4,5.4,5.9,8:00 AM,1.13,9:00 AM,1.1,Normal,,3.7
16-Apr-26,9:30 AM,Kirindi Oya (RB 22),Kuda Oya,Kuda Oya,m,6.9,8.4,8.8,8:00 AM,1.75,9:00 AM,1.71,Normal,,0
16-Apr-26,9:30 AM,Kumbukkan Oya (RB 31),Kumbukkan Oya,Nakkala,m,5,6,7.5,8:00 AM,0.68,9:00 AM,0.68,Normal,,0
16-Apr-26,9:30 AM,Maa Oya (RB 69),Mukunu Oya,Yaka Wewa,m,4,5,6,8:00 AM,0.56,9:00 AM,0.56,Normal,,0
16-Apr-26,9:30 AM,Maduru Oya (RB 54),Maduru Oya,Padiyathalawa,m,4,4.5,6,8:00 AM,0.21,9:00 AM,0.21,Normal,,0
16-Apr-26,9:30 AM,Maha Oya (RB 102),Maha Oya,Badalgama,m,5,6.2,9.6,8:00 AM,1.88,9:00 AM,1.87,Normal,,0
16-Apr-26,9:30 AM,Maha Oya (RB 102),Maha Oya,Giriulla,m,5.5,6.5,7.5,8:00 AM,0.85,9:00 AM,0.85,Normal,,0
16-Apr-26,9:30 AM,Mahaweli Ganga (RB 60),Badulu Oya,Thaldena,m,3,4,5,8:00 AM,0.5,9:00 AM,0.48,Normal,,0
16-Apr-26,9:30 AM,Mahaweli Ganga (RB 60),Mahaweli Ganga,Manampitiya,m,3,4.3,6,8:00 AM,0.29,9:00 AM,0.28,Normal,,0
16-Apr-26,9:30 AM,Mahaweli Ganga (RB 60),Mahaweli Ganga,Nawalapitiya,m,3.5,5,6,8:00 AM,0.94,9:00 AM,0.82,Normal,,12.5
16-Apr-26,9:30 AM,Mahaweli Ganga (RB 60),Mahaweli Ganga,Peradeniya,m,5,7,9,8:00 AM,1.2,9:00 AM,1.2,Normal,,32.8
16-Apr-26,9:30 AM,Mahaweli Ganga (RB 60),Mahaweli Ganga,Weraganthota,m,5,6,8,8:00 AM,-2.95,9:00 AM,-3.05,Normal,,0
16-Apr-26,9:30 AM,Malwathu Oya (RB 90),Malwathu Oya,Thanthirimale,m,5,6.8,7.8,8:00 AM,1.9,9:00 AM,1.87,Normal,,0
16-Apr-26,9:30 AM,Mee Oya (RB 95),Mee Oya,Galgamuwa,m,4.84,5.94,8,8:00 AM,0.09,9:00 AM,0.07,Normal,,0
16-Apr-26,9:30 AM,Menik Ganga (RB 26),Menik Ganga,Katharagama,m,4,4.6,6.5,8:00 AM,-0.12,9:00 AM,-0.12,Normal,,0
16-Apr-26,9:30 AM,Nilwala Ganga (RB 12),Nilwala Ganga,Panadugama,m,5,6,7.5,8:00 AM,2.49,9:00 AM,2.5,Normal,,1.6
16-Apr-26,9:30 AM,Nilwala Ganga (RB 12),Nilwala Ganga,Pitabeddara,m,4,5,6.5,8:00 AM,0.3,9:00 AM,0.3,Normal,,0
16-Apr-26,9:30 AM,Nilwala Ganga (RB 12),Nilwala Ganga,Thalgahagoda,m,1.4,1.7,2.8,8:00 AM,0.49,9:00 AM,0.42,Normal,,0
16-Apr-26,9:30 AM,Nilwala Ganga (RB 12),Urubokka Ganga,Urawa,m,2.5,4,6,8:00 AM,0,9:00 AM,-0.01,Normal,,0
16-Apr-26,9:30 AM,Walawe Ganga (RB 18),Walawe Ganga,Moraketiya,m,3,5,7,8:00 AM,0.91,9:00 AM,0.9,Normal,,0
16-Apr-26,9:30 AM,Yan Oya (RB 67),Yan Oya,Horowpothana,m,6,7.5,10.5,8:00 AM,1.4,9:00 AM,1.39,Normal,,0
26-Apr-26,9:30 AM,Attanagalu Oya (RB 103),Attanagalu Oya,Dunamale,m,3.3,4.4,5.5,8:00 AM,0.68,9:00 AM,0.67,Normal,,0
26-Apr-26,9:30 AM,Deduru Oya (RB 99),Deduru Oya,Moragaswewa,m,4.75,6,7,8:00 AM,0.78,9:00 AM,0.73,Normal,,7
26-Apr-26,9:30 AM,Gin Ganga (RB 09),Gin Ganga,Baddegama,m,3.5,4,5,8:00 AM,1.01,9:00 AM,1,Normal,,0
26-Apr-26,9:30 AM,Gin Ganga (RB 09),Gin Ganga,Thawalama,m,4,6,7.5,8:00 AM,1.29,9:00 AM,1.29,Normal,,21.8
26-Apr-26,9:30 AM,Heda Oya (RB 36),Heda Oya,Siyambalanduwa,m,4.5,6,7,8:00 AM,0.43,9:00 AM,0.43,Normal,,0
26-Apr-26,9:30 AM,Kalu Ganga (RB 03),Kalu Ganga,Ellagawa,m,10,10.7,12.2,8:00 AM,4.34,9:00 AM,4.34,Normal,,0
26-Apr-26,9:30 AM,Kalu Ganga (RB 03),Kalu Ganga,Putupaula,m,3,4,5,8:00 AM,0.47,9:00 AM,0.45,Normal,,0.3
26-Apr-26,9:30 AM,Kalu Ganga (RB 03),Kalu Ganga,Rathnapura,m,5.2,7.5,9.5,8:00 AM,0.72,9:00 AM,0.72,Normal,,0
26-Apr-26,9:30 AM,Kalu Ganga (RB 03),Kuda Ganga,Kalawellawa (Millakanda),m,5,6.5,8,8:00 AM,2.2,9:00 AM,2.11,Normal,,27
26-Apr-26,9:30 AM,Kalu Ganga (RB 03),Maguru Ganga,Magura,m,4,6,7.5,8:00 AM,1.19,9:00 AM,1.19,Normal,,0
26-Apr-26,9:30 AM,Kelani Ganga (RB 01),Gurugoda Oya,Holombuwa,m,3,3.4,5,8:00 AM,0.35,9:00 AM,0.35,Normal,,0
26-Apr-26,9:30 AM,Kelani Ganga (RB 01),Kehelgamu Oya,Norwood,m,1.5,3,4.5,8:00 AM,0.64,9:00 AM,0.64,Normal,,0
26-Apr-26,9:30 AM,Kelani Ganga (RB 01),Kelani Ganga,Glencourse,m,15,16.5,19,8:00 AM,8.97,9:00 AM,8.91,Normal,,0.6
26-Apr-26,9:30 AM,Kelani Ganga (RB 01),Kelani Ganga,Hanwella,m,7,8,10,8:00 AM,0.74,9:00 AM,0.75,Normal,,0
26-Apr-26,9:30 AM,Kelani Ganga (RB 01),Kelani Ganga,Kithulgala,m,3,4,6,8:00 AM,1.56,9:00 AM,1.22,Normal,,0
26-Apr-26,9:30 AM,Kelani Ganga (RB 01),Kelani Ganga,Nagalagam Street,ft,4,5,7,8:00 AM,1.6,9:00 AM,1.6,Normal,,
26-Apr-26,9:30 AM,Kelani Ganga (RB 01),Seethawaka Ganga,Deraniyagala,m,4.8,5.8,6.4,8:00 AM,0.36,9:00 AM,0.27,Normal,,0
26-Apr-26,9:30 AM,Kirindi Oya (RB 22),Kirindi Oya,Thanamalwila,m,4,5,5.5,8:00 AM,1.12,9:00 AM,1.12,Normal,,0
26-Apr-26,9:30 AM,Kirindi Oya (RB 22),Kirindi Oya,Wellawaya,m,4.4,5.4,5.9,8:00 AM,0.94,9:00 AM,0.94,Normal,,0
26-Apr-26,9:30 AM,Kirindi Oya (RB 22),Kuda Oya,Kuda Oya,m,6.9,8.4,8.8,8:00 AM,1.5,9:00 AM,1.49,Normal,,0
26-Apr-26,9:30 AM,Kumbukkan Oya (RB 31),Kumbukkan Oya,Nakkala,m,5,6,7.5,8:00 AM,0.68,9:00 AM,0.68,Normal,,0
26-Apr-26,9:30 AM,Maa Oya (RB 69),Mukunu Oya,Yaka Wewa,m,4,5,6,8:00 AM,0.54,9:00 AM,0.54,Normal,,0
26-Apr-26,9:30 AM,Maduru Oya (RB 54),Maduru Oya,Padiyathalawa,m,4,4.5,6,8:00 AM,0.18,9:00 AM,0.18,Normal,,0
26-Apr-26,9:30 AM,Maha Oya (RB 102),Maha Oya,Badalgama,m,5,6.2,9.6,8:00 AM,2.05,9:00 AM,2.04,Normal,,0
26-Apr-26,9:30 AM,Maha Oya (RB 102),Maha Oya,Giriulla,m,5.5,6.5,7.5,8:00 AM,0.97,9:00 AM,0.96,Normal,,0
26-Apr-26,9:30 AM,Mahaweli Ganga (RB 60),Badulu Oya,Thaldena,m,3,4,5,8:00 AM,0.27,9:00 AM,0.34,Normal,,0
26-Apr-26,9:30 AM,Mahaweli Ganga (RB 60),Mahaweli Ganga,Manampitiya,m,3,4.3,6,8:00 AM,0.1,9:00 AM,0.08,Normal,,0
26-Apr-26,9:30 AM,Mahaweli Ganga (RB 60),Mahaweli Ganga,Nawalapitiya,m,3.5,5,6,8:00 AM,0.69,9:00 AM,0.7,Normal,,0
26-Apr-26,9:30 AM,Mahaweli Ganga (RB 60),Mahaweli Ganga,Peradeniya,m,5,7,9,8:00 AM,1.22,9:00 AM,1.2,Normal,,0
26-Apr-26,9:30 AM,Mahaweli Ganga (RB 60),Mahaweli Ganga,Weraganthota,m,5,6,8,8:00 AM,-3.1,9:00 AM,-3.15,Normal,,0
26-Apr-26,9:30 AM,Malwathu Oya (RB 90),Malwathu Oya,Thanthirimale,m,5,6.8,7.8,8:00 AM,1.6,9:00 AM,1.59,Normal,,0
26-Apr-26,9:30 AM,Mee Oya (RB 95),Mee Oya,Galgamuwa,m,4.84,5.94,8,8:00 AM,0.28,9:00 AM,0.28,Normal,,0
26-Apr-26,9:30 AM,Menik Ganga (RB 26),Menik Ganga,Katharagama,m,4,4.6,6.5,8:00 AM,1.44,9:00 AM,1.44,Normal,,0
26-Apr-26,9:30 AM,Nilwala Ganga (RB 12),Nilwala Ganga,Panadugama,m,5,6,7.5,8:00 AM,2.24,9:00 AM,2.19,Normal,,0
26-Apr-26,9:30 AM,Nilwala Ganga (RB 12),Nilwala Ganga,Pitabeddara,m,4,5,6.5,8:00 AM,0.38,9:00 AM,0.36,Normal,,0
26-Apr-26,9:30 AM,Nilwala Ganga (RB 12),Nilwala Ganga,Thalgahagoda,m,1.4,1.7,2.8,8:00 AM,0.3,9:00 AM,0.3,Normal,,0
26-Apr-26,9:30 AM,Nilwala Ganga (RB 12),Urubokka Ganga,Urawa,m,2.5,4,6,8:00 AM,0.04,9:00 AM,0.04,Normal,,0
26-Apr-26,9:30 AM,Walawe Ganga (RB 18),Walawe Ganga,Moraketiya,m,3,5,7,8:00 AM,0.89,9:00 AM,0.9,Normal,,0
26-Apr-26,9:30 AM,Yan Oya (RB 67),Yan Oya,Horowpothana,m,6,7.5,10.5,8:00 AM,1.3,9:00 AM,1.3,Normal,,0
30-Apr-26,9:30 AM,Attanagalu Oya (RB 103),Attanagalu Oya,Dunamale,m,3.3,4.4,5.5,8:00 AM,0.96,9:00 AM,0.96,Normal,,13.5
30-Apr-26,9:30 AM,Deduru Oya (RB 99),Deduru Oya,Moragaswewa,m,4.75,6,7,8:00 AM,0.49,9:00 AM,0.49,Normal,,3
30-Apr-26,9:30 AM,Gin Ganga (RB 09),Gin Ganga,Baddegama,m,3.5,4,5,8:00 AM,0.93,9:00 AM,0.9,Normal,,13.2
30-Apr-26,9:30 AM,Gin Ganga (RB 09),Gin Ganga,Thawalama,m,4,6,7.5,8:00 AM,1.27,9:00 AM,1.25,Normal,,0
30-Apr-26,9:30 AM,Heda Oya (RB 36),Heda Oya,Siyambalanduwa,m,4.5,6,7,8:00 AM,0.43,9:00 AM,0.43,Normal,,0
30-Apr-26,9:30 AM,Kalu Ganga (RB 03),Kalu Ganga,Ellagawa,m,10,10.7,12.2,8:00 AM,4.57,9:00 AM,4.55,Normal,,32
30-Apr-26,9:30 AM,Kalu Ganga (RB 03),Kalu Ganga,Putupaula,m,3,4,5,8:00 AM,0.5,9:00 AM,0.47,Normal,,0.8
30-Apr-26,9:30 AM,Kalu Ganga (RB 03),Kalu Ganga,Rathnapura,m,5.2,7.5,9.5,8:00 AM,0.9,9:00 AM,0.93,Normal,,0
30-Apr-26,9:30 AM,Kalu Ganga (RB 03),Kuda Ganga,Kalawellawa (Millakanda),m,5,6.5,8,8:00 AM,2.3,9:00 AM,2.24,Normal,,22.3
30-Apr-26,9:30 AM,Kalu Ganga (RB 03),Maguru Ganga,Magura,m,4,6,7.5,8:00 AM,1.17,9:00 AM,1.16,Normal,,10.2
30-Apr-26,9:30 AM,Kelani Ganga (RB 01),Gurugoda Oya,Holombuwa,m,3,3.4,5,8:00 AM,0.36,9:00 AM,0.36,Normal,,0
30-Apr-26,9:30 AM,Kelani Ganga (RB 01),Kehelgamu Oya,Norwood,m,1.5,3,4.5,8:00 AM,0.75,9:00 AM,0.73,Normal,,2.4
30-Apr-26,9:30 AM,Kelani Ganga (RB 01),Kelani Ganga,Glencourse,m,15,16.5,19,8:00 AM,8.88,9:00 AM,8.85,Normal,,10
30-Apr-26,9:30 AM,Kelani Ganga (RB 01),Kelani Ganga,Hanwella,m,7,8,10,8:00 AM,0.71,9:00 AM,0.72,Normal,,4.6
30-Apr-26,9:30 AM,Kelani Ganga (RB 01),Kelani Ganga,Kithulgala,m,3,4,6,8:00 AM,1.55,9:00 AM,1.33,Normal,,9.4
30-Apr-26,9:30 AM,Kelani Ganga (RB 01),Kelani Ganga,Nagalagam Street,ft,4,5,7,8:00 AM,0.9,9:00 AM,1.1,Normal,,
30-Apr-26,9:30 AM,Kelani Ganga (RB 01),Seethawaka Ganga,Deraniyagala,m,4.8,5.8,6.4,8:00 AM,0.24,9:00 AM,0.19,Normal,,46.8
30-Apr-26,9:30 AM,Kirindi Oya (RB 22),Kirindi Oya,Thanamalwila,m,4,5,5.5,8:00 AM,0.8,9:00 AM,0.8,Normal,,0
30-Apr-26,9:30 AM,Kirindi Oya (RB 22),Kirindi Oya,Wellawaya,m,4.4,5.4,5.9,8:00 AM,1.2,9:00 AM,1.26,Normal,,0
30-Apr-26,9:30 AM,Kirindi Oya (RB 22),Kuda Oya,Kuda Oya,m,6.9,8.4,8.8,8:00 AM,1.41,9:00 AM,1.41,Normal,,0
30-Apr-26,9:30 AM,Kumbukkan Oya (RB 31),Kumbukkan Oya,Nakkala,m,5,6,7.5,8:00 AM,0.64,9:00 AM,0.64,Normal,,0
30-Apr-26,9:30 AM,Maa Oya (RB 69),Mukunu Oya,Yaka Wewa,m,4,5,6,8:00 AM,0.59,9:00 AM,0.59,Normal,,2.5
30-Apr-26,9:30 AM,Maduru Oya (RB 54),Maduru Oya,Padiyathalawa,m,4,4.5,6,8:00 AM,0.45,9:00 AM,0.38,Normal,,53.1
30-Apr-26,9:30 AM,Maha Oya (RB 102),Maha Oya,Badalgama,m,5,6.2,9.6,8:00 AM,1.44,9:00 AM,1.52,Normal,,5.8
30-Apr-26,9:30 AM,Maha Oya (RB 102),Maha Oya,Giriulla,m,5.5,6.5,7.5,8:00 AM,1.43,9:00 AM,1.39,Normal,,4.2
30-Apr-26,9:30 AM,Mahaweli Ganga (RB 60),Badulu Oya,Thaldena,m,3,4,5,8:00 AM,0.37,9:00 AM,0.4,Normal,,0.4
30-Apr-26,9:30 AM,Mahaweli Ganga (RB 60),Mahaweli Ganga,Manampitiya,m,3,4.3,6,8:00 AM,0.45,9:00 AM,0.5,Normal,,1.4
30-Apr-26,9:30 AM,Mahaweli Ganga (RB 60),Mahaweli Ganga,Nawalapitiya,m,3.5,5,6,8:00 AM,0.85,9:00 AM,0.84,Normal,,14.6
30-Apr-26,9:30 AM,Mahaweli Ganga (RB 60),Mahaweli Ganga,Peradeniya,m,5,7,9,8:00 AM,1.27,9:00 AM,1.28,Normal,,3.7
30-Apr-26,9:30 AM,Mahaweli Ganga (RB 60),Mahaweli Ganga,Weraganthota,m,5,6,8,8:00 AM,-3.12,9:00 AM,-3.13,Normal,,35.9
30-Apr-26,9:30 AM,Malwathu Oya (RB 90),Malwathu Oya,Thanthirimale,m,5,6.8,7.8,8:00 AM,2.59,9:00 AM,2.65,Normal,,0
30-Apr-26,9:30 AM,Mee Oya (RB 95),Mee Oya,Galgamuwa,m,4.84,5.94,8,8:00 AM,0.36,9:00 AM,0.39,Normal,,11.1
30-Apr-26,9:30 AM,Menik Ganga (RB 26),Menik Ganga,Katharagama,m,4,4.6,6.5,8:00 AM,-0.08,9:00 AM,-0.08,Normal,,0
30-Apr-26,9:30 AM,Nilwala Ganga (RB 12),Nilwala Ganga,Panadugama,m,5,6,7.5,8:00 AM,1.99,9:00 AM,1.99,Normal,,2.1
30-Apr-26,9:30 AM,Nilwala Ganga (RB 12),Nilwala Ganga,Pitabeddara,m,4,5,6.5,8:00 AM,0.28,9:00 AM,0.27,Normal,,2.7
30-Apr-26,9:30 AM,Nilwala Ganga (RB 12),Nilwala Ganga,Thalgahagoda,m,1.4,1.7,2.8,8:00 AM,0.31,9:00 AM,0.26,Normal,,6.5
30-Apr-26,9:30 AM,Nilwala Ganga (RB 12),Urubokka Ganga,Urawa,m,2.5,4,6,8:00 AM,-0.07,9:00 AM,-0.07,Normal,,0.5
30-Apr-26,9:30 AM,Walawe Ganga (RB 18),Walawe Ganga,Moraketiya,m,3,5,7,8:00 AM,0.87,9:00 AM,0.88,Normal,,0
30-Apr-26,9:30 AM,Yan Oya (RB 67),Yan Oya,Horowpothana,m,6,7.5,10.5,8:00 AM,1.96,9:00 AM,1.97,Normal,,8.9
7-May-26,9:30 AM,Attanagalu Oya (RB 103),Attanagalu Oya,Dunamale,m,3.3,4.4,5.5,8:00 AM,2.08,9:00 AM,2.08,Normal,,38.1
7-May-26,9:30 AM,Deduru Oya (RB 99),Deduru Oya,Moragaswewa,m,4.75,6,7,8:00 AM,0.59,9:00 AM,0.63,Normal,,12.8
7-May-26,9:30 AM,Gin Ganga (RB 09),Gin Ganga,Baddegama,m,3.5,4,5,8:00 AM,1.44,9:00 AM,1.58,Normal,,0
7-May-26,9:30 AM,Gin Ganga (RB 09),Gin Ganga,Thawalama,m,4,6,7.5,8:00 AM,1.95,9:00 AM,1.87,Normal,,0
7-May-26,9:30 AM,Heda Oya (RB 36),Heda Oya,Siyambalanduwa,m,4.5,6,7,8:00 AM,0.43,9:00 AM,0.43,Normal,,0
7-May-26,9:30 AM,Kalu Ganga (RB 03),Kalu Ganga,Ellagawa,m,10,10.7,12.2,8:00 AM,4.17,9:00 AM,4.18,Normal,,0.6
7-May-26,9:30 AM,Kalu Ganga (RB 03),Kalu Ganga,Putupaula,m,3,4,5,8:00 AM,0.43,9:00 AM,0.38,Normal,,0
7-May-26,9:30 AM,Kalu Ganga (RB 03),Kalu Ganga,Rathnapura,m,5.2,7.5,9.5,8:00 AM,1.25,9:00 AM,1.22,Normal,,11.7
7-May-26,9:30 AM,Kalu Ganga (RB 03),Kuda Ganga,Kalawellawa (Millakanda),m,5,6.5,8,8:00 AM,2.55,9:00 AM,2.64,Normal,,0
7-May-26,9:30 AM,Kalu Ganga (RB 03),Maguru Ganga,Magura,m,4,6,7.5,8:00 AM,1.8,9:00 AM,1.77,Normal,,1.9
7-May-26,9:30 AM,Kelani Ganga (RB 01),Gurugoda Oya,Holombuwa,m,3,3.4,5,8:00 AM,0.95,9:00 AM,0.92,Normal,,58.5
7-May-26,9:30 AM,Kelani Ganga (RB 01),Kehelgamu Oya,Norwood,m,1.5,3,4.5,8:00 AM,0.67,9:00 AM,0.66,Normal,,5.7
7-May-26,9:30 AM,Kelani Ganga (RB 01),Kelani Ganga,Glencourse,m,15,16.5,19,8:00 AM,11,9:00 AM,10.78,Normal,,0.5
7-May-26,9:30 AM,Kelani Ganga (RB 01),Kelani Ganga,Hanwella,m,7,8,10,8:00 AM,2.41,9:00 AM,2.46,Normal,,1
7-May-26,9:30 AM,Kelani Ganga (RB 01),Kelani Ganga,Kithulgala,m,3,4,6,8:00 AM,1.55,9:00 AM,1.45,Normal,,39.5
7-May-26,9:30 AM,Kelani Ganga (RB 01),Kelani Ganga,Nagalagam Street,ft,4,5,7,8:00 AM,1,9:00 AM,0.8,Normal,,
7-May-26,9:30 AM,Kelani Ganga (RB 01),Seethawaka Ganga,Deraniyagala,m,4.8,5.8,6.4,8:00 AM,0.58,9:00 AM,0.54,Normal,,21.9
7-May-26,9:30 AM,Kirindi Oya (RB 22),Kirindi Oya,Thanamalwila,m,4,5,5.5,8:00 AM,1.26,9:00 AM,1.29,Normal,,0
7-May-26,9:30 AM,Kirindi Oya (RB 22),Kirindi Oya,Wellawaya,m,4.4,5.4,5.9,8:00 AM,1.09,9:00 AM,1.05,Normal,,3.3
7-May-26,9:30 AM,Kirindi Oya (RB 22),Kuda Oya,Kuda Oya,m,6.9,8.4,8.8,8:00 AM,1.41,9:00 AM,1.42,Normal,,0
7-May-26,9:30 AM,Kumbukkan Oya (RB 31),Kumbukkan Oya,Nakkala,m,5,6,7.5,8:00 AM,0.73,9:00 AM,0.72,Normal,,3.6
7-May-26,9:30 AM,Maa Oya (RB 69),Mukunu Oya,Yaka Wewa,m,4,5,6,8:00 AM,0.6,9:00 AM,0.6,Normal,,0
7-May-26,9:30 AM,Maduru Oya (RB 54),Maduru Oya,Padiyathalawa,m,4,4.5,6,8:00 AM,0.26,9:00 AM,0.27,Normal,,31.1
7-May-26,9:30 AM,Maha Oya (RB 102),Maha Oya,Badalgama,m,5,6.2,9.6,8:00 AM,1.91,9:00 AM,1.91,Normal,,11.9
7-May-26,9:30 AM,Maha Oya (RB 102),Maha Oya,Giriulla,m,5.5,6.5,7.5,8:00 AM,1.13,9:00 AM,1.13,Normal,,2.9
7-May-26,9:30 AM,Mahaweli Ganga (RB 60),Badulu Oya,Thaldena,m,3,4,5,8:00 AM,0.45,9:00 AM,0.42,Normal,,21.8
7-May-26,9:30 AM,Mahaweli Ganga (RB 60),Mahaweli Ganga,Manampitiya,m,3,4.3,6,8:00 AM,0.29,9:00 AM,0.3,Normal,,21.9
7-May-26,9:30 AM,Mahaweli Ganga (RB 60),Mahaweli Ganga,Nawalapitiya,m,3.5,5,6,8:00 AM,0.93,9:00 AM,0.88,Normal,,16.6
7-May-26,9:30 AM,Mahaweli Ganga (RB 60),Mahaweli Ganga,Peradeniya,m,5,7,9,8:00 AM,1.18,9:00 AM,1.15,Normal,,0.5
7-May-26,9:30 AM,Mahaweli Ganga (RB 60),Mahaweli Ganga,Weraganthota,m,5,6,8,8:00 AM,-2.76,9:00 AM,-2.79,Normal,,55.8
7-May-26,9:30 AM,Malwathu Oya (RB 90),Malwathu Oya,Thanthirimale,m,5,6.8,7.8,8:00 AM,1.46,9:00 AM,1.46,Normal,,0
7-May-26,9:30 AM,Mee Oya (RB 95),Mee Oya,Galgamuwa,m,4.84,5.94,8,8:00 AM,1.18,9:00 AM,1.14,Normal,,89.7
7-May-26,9:30 AM,Menik Ganga (RB 26),Menik Ganga,Katharagama,m,4,4.6,6.5,8:00 AM,-0.13,9:00 AM,-0.13,Normal,,0
7-May-26,9:30 AM,Nilwala Ganga (RB 12),Nilwala Ganga,Panadugama,m,5,6,7.5,8:00 AM,2.22,9:00 AM,2.21,Normal,,17.4
7-May-26,9:30 AM,Nilwala Ganga (RB 12),Nilwala Ganga,Pitabeddara,m,4,5,6.5,8:00 AM,0.34,9:00 AM,0.36,Normal,,10.3
7-May-26,9:30 AM,Nilwala Ganga (RB 12),Nilwala Ganga,Thalgahagoda,m,1.4,1.7,2.8,8:00 AM,0.25,9:00 AM,0.29,Normal,,10.3
7-May-26,9:30 AM,Nilwala Ganga (RB 12),Urubokka Ganga,Urawa,m,2.5,4,6,8:00 AM,0.31,9:00 AM,0.26,Normal,,8.4
7-May-26,9:30 AM,Walawe Ganga (RB 18),Walawe Ganga,Moraketiya,m,3,5,7,8:00 AM,0.89,9:00 AM,0.87,Normal,,0
7-May-26,9:30 AM,Yan Oya (RB 67),Yan Oya,Horowpothana,m,6,7.5,10.5,8:00 AM,2.9,9:00 AM,2.81,Normal,,11.6
